ss,task,seed,surrogate,mode,ok,regret,mean_cand,over_pred,err
6767,146065,0,tpe,full,1,0.5058357751373295,44243.5,,
6767,146065,0,tpe,restricted,1,0.06614735946083106,2000.0,,
6767,146065,1,tpe,full,1,0.08949513704892886,44243.5,,
6767,146065,1,tpe,restricted,1,0.08949513704892886,2000.0,,
6767,146065,2,tpe,full,1,0.0038912962646829863,44243.5,,
6767,146065,2,tpe,restricted,1,0.5836570233922095,2000.0,,
6767,146065,3,tpe,full,1,0.6770411181864315,44243.5,,
6767,146065,3,tpe,restricted,1,0.6614782716470892,2000.0,,
6767,146065,4,tpe,full,1,0.7081714883038952,44243.5,,
6767,146065,4,tpe,restricted,1,0.10894927985295388,2000.0,,
6767,145804,0,tpe,full,1,0.015999362355361146,45088.5,,
6767,145804,0,tpe,restricted,1,0.011200166768597808,2000.0,,
6767,145804,1,tpe,full,1,0.02399904353304183,45088.5,,
6767,145804,1,tpe,restricted,1,0.02399904353304183,2000.0,,
6767,145804,2,tpe,full,1,0.02399904353304183,45088.5,,
6767,145804,2,tpe,restricted,1,0.011200166768597808,2000.0,,
6767,145804,3,tpe,full,1,0.011200166768597808,45088.5,,
6767,145804,3,tpe,restricted,1,0.02399904353304183,2000.0,,
6767,145804,4,tpe,full,1,0.02399904353304183,45088.5,,
6767,145804,4,tpe,restricted,1,0.014399119559902473,2000.0,,
6767,146064,0,tpe,full,1,0.006116005162132732,46051.5,,
6767,146064,0,tpe,restricted,1,0.0,2000.0,,
6767,146064,1,tpe,full,1,0.42813566411450543,46051.5,,
6767,146064,1,tpe,restricted,1,0.0,2000.0,,
6767,146064,2,tpe,full,1,0.0,46051.5,,
6767,146064,2,tpe,restricted,1,0.0,2000.0,,
6767,146064,3,tpe,full,1,0.0,46051.5,,
6767,146064,3,tpe,restricted,1,0.0,2000.0,,
6767,146064,4,tpe,full,1,0.0,46051.5,,
6767,146064,4,tpe,restricted,1,0.42813566411450543,2000.0,,
6767,9914,0,tpe,full,1,0.13396619587867697,47395.5,,
6767,9914,0,tpe,restricted,1,0.16744616809446644,2000.0,,
6767,9914,1,tpe,full,1,0.07654549664274202,47395.5,,
6767,9914,1,tpe,restricted,1,0.0621903218337595,2000.0,,
6767,9914,2,tpe,full,1,0.11481824496411297,47395.5,,
6767,9914,2,tpe,restricted,1,0.0621903218337595,2000.0,,
6767,9914,3,tpe,full,1,0.1291734197730955,47395.5,,
6767,9914,3,tpe,restricted,1,0.07175272053716297,2000.0,,
6767,9914,4,tpe,full,1,0.04783514702477443,47395.5,,
6767,9914,4,tpe,restricted,1,0.25836999305394803,2000.0,,
6767,9967,0,tpe,full,1,0.0013600196476626358,48609.5,,
6767,9967,0,tpe,restricted,1,0.0013600196476626358,2000.0,,
6767,9967,1,tpe,full,1,0.0013600196476626358,48609.5,,
6767,9967,1,tpe,restricted,1,0.0027200392953249386,2000.0,,
6767,9967,2,tpe,full,1,0.0027200392953249386,48609.5,,
6767,9967,2,tpe,restricted,1,0.0027200392953249386,2000.0,,
6767,9967,3,tpe,full,1,0.0013600196476626358,48609.5,,
6767,9967,3,tpe,restricted,1,0.0027200392953249386,2000.0,,
6767,9967,4,tpe,full,1,0.0013600196476626358,48609.5,,
6767,9967,4,tpe,restricted,1,0.0013600196476626358,2000.0,,
6767,31,0,tpe,full,1,0.16666666666666685,68233.5,,
6767,31,0,tpe,restricted,1,0.1250000000000001,2000.0,,
6767,31,1,tpe,full,1,0.06666666666666676,68233.5,,
6767,31,1,tpe,restricted,1,0.08333333333333337,2000.0,,
6767,31,2,tpe,full,1,0.15833333333333344,68233.5,,
6767,31,2,tpe,restricted,1,0.17500000000000016,2000.0,,
6767,31,3,tpe,full,1,0.17500000000000016,68233.5,,
6767,31,3,tpe,restricted,1,0.11666666666666681,2000.0,,
6767,31,4,tpe,full,1,0.15833333333333344,68233.5,,
6767,31,4,tpe,restricted,1,0.05833333333333335,2000.0,,
5906,9971,0,tpe,full,1,0.05881445155095133,239.5,,
5906,9971,0,tpe,restricted,1,0.08823882439685149,239.5,,
5906,9971,1,tpe,full,1,0.05881445155095133,239.5,,
5906,9971,1,tpe,restricted,1,0.08823882439685149,239.5,,
5906,9971,2,tpe,full,1,0.14705327594780482,239.5,,
5906,9971,2,tpe,restricted,1,0.05881445155095133,239.5,,
5906,9971,3,tpe,full,1,0.08823882439685149,239.5,,
5906,9971,3,tpe,restricted,1,0.08823882439685149,239.5,,
5906,9971,4,tpe,full,1,0.08823882439685149,239.5,,
5906,9971,4,tpe,restricted,1,0.14705327594780482,239.5,,
5906,3918,0,tpe,full,1,0.1818059616224761,244.5,,
5906,3918,0,tpe,restricted,1,0.1818059616224761,244.5,,
5906,3918,1,tpe,full,1,0.1818059616224761,244.5,,
5906,3918,1,tpe,restricted,1,0.1818059616224761,244.5,,
5906,3918,2,tpe,full,1,0.1818059616224761,244.5,,
5906,3918,2,tpe,restricted,1,0.1818059616224761,244.5,,
5906,3918,3,tpe,full,1,0.21211815707228476,244.5,,
5906,3918,3,tpe,restricted,1,0.1818059616224761,244.5,,
5906,3918,4,tpe,full,1,0.15152737171085728,244.5,,
5906,3918,4,tpe,restricted,1,0.1818059616224761,244.5,,
5971,10093,0,tpe,full,1,0.018120831157793726,2250.5,,
5971,10093,0,tpe,restricted,1,0.018120831157793726,2000.0,,
5971,10093,1,tpe,full,1,0.0164730719069478,2250.5,,
5971,10093,1,tpe,restricted,1,0.018120831157793726,2000.0,,
5971,10093,2,tpe,full,1,0.0164730719069478,2250.5,,
5971,10093,2,tpe,restricted,1,0.011532054455165697,2000.0,,
5971,10093,3,tpe,full,1,0.00658877670262803,2250.5,,
5971,10093,3,tpe,restricted,1,0.0032932582009360667,2000.0,,
5971,10093,4,tpe,full,1,0.0164730719069478,2250.5,,
5971,10093,4,tpe,restricted,1,0.008236535953473956,2000.0,,
5971,3954,0,tpe,full,1,0.039500813890395725,2377.5,,
5971,3954,0,tpe,restricted,1,0.012287658082557495,2000.0,,
5971,3954,1,tpe,full,1,0.0,2377.5,,
5971,3954,1,tpe,restricted,1,0.031599816352936294,2000.0,,
5971,3954,2,tpe,full,1,0.022162861555156455,2377.5,,
5971,3954,2,tpe,restricted,1,0.022162861555156455,2000.0,,
5971,3954,3,tpe,full,1,0.0043866605450979534,2377.5,,
5971,3954,3,tpe,restricted,1,0.0401561000041738,2000.0,,
5971,3954,4,tpe,full,1,0.029842647856755278,2377.5,,
5971,3954,4,tpe,restricted,1,0.001974205935138973,2000.0,,
5971,43,0,tpe,restricted,1,0.009298982246360388,2000.0,,
5971,43,1,tpe,full,1,0.003100611564967548,3358.5,,
5971,43,1,tpe,restricted,1,0.003100611564967548,2000.0,,
5971,43,0,tpe,full,1,0.009298982246360388,3358.5,,
5971,43,2,tpe,full,1,0.0018597964492720331,3358.5,,
5971,43,2,tpe,restricted,1,0.02789694673908083,2000.0,,
5971,43,3,tpe,full,1,0.013637556478481194,3358.5,,
5971,43,3,tpe,restricted,1,0.013018575144904454,2000.0,,
5971,43,4,tpe,full,1,0.02169857605768799,3358.5,,
5971,43,4,tpe,restricted,1,0.006820204463511614,2000.0,,
5971,34536,0,tpe,restricted,1,0.006552034902805759,2000.0,,
5971,34536,1,tpe,full,1,0.005095761887425443,3472.5,,
5971,34536,1,tpe,restricted,1,0.0058238983951156564,2000.0,,
5971,34536,2,tpe,full,1,0.0007281365076902135,3472.5,,
5971,34536,2,tpe,restricted,1,0.005095761887425443,2000.0,,
5971,34536,3,tpe,full,1,0.0018203412692254783,3472.5,,
5971,34536,3,tpe,restricted,1,0.004004750792296119,2000.0,,
5971,34536,0,tpe,full,1,0.0072801714104959725,3472.5,,
5971,34536,4,tpe,full,1,0.006187966648960708,3472.5,,
5971,34536,4,tpe,restricted,1,0.006552034902805759,2000.0,,
5971,9970,0,tpe,full,1,0.1545177966311312,3851.5,,
5971,9970,1,tpe,full,1,0.06122196584488526,3851.5,,
5971,9970,1,tpe,restricted,1,0.06413712928838222,2000.0,,
5971,9970,0,tpe,restricted,1,0.008745490330491212,2000.0,,
5971,9970,2,tpe,full,1,0.034985494853411625,3851.5,,
5971,9970,2,tpe,restricted,1,0.06705582626332596,2000.0,,
5971,9970,3,tpe,full,1,0.029155167966417372,3851.5,,
5971,9970,3,tpe,restricted,1,0.03207033140991433,2000.0,,
5971,9970,4,tpe,full,1,0.13994197941364572,3851.5,,
5971,9970,4,tpe,restricted,1,0.040815821740405545,2000.0,,
5971,6566,0,tpe,full,1,0.0061857146266377505,4239.5,,
5971,6566,1,tpe,full,1,0.0010918072691692426,4239.5,,
5971,6566,1,tpe,restricted,1,0.0010918072691692426,2000.0,,
5971,6566,0,tpe,restricted,1,0.012736558241653428,2000.0,,
5971,6566,2,tpe,full,1,0.0061857146266377505,4239.5,,
5971,6566,2,tpe,restricted,1,0.0036393575638975495,2000.0,,
5971,6566,3,tpe,full,1,0.004003293320287371,4239.5,,
5971,6566,3,tpe,restricted,1,0.005457843113858329,2000.0,,
5971,6566,4,tpe,full,1,0.00582177887024804,4239.5,,
5971,6566,4,tpe,restricted,1,0.004003293320287371,2000.0,,
5965,145836,0,tpe,full,1,0.030294100980337024,11213.5,,
5965,145836,0,tpe,restricted,1,0.10605768685895589,2000.0,,
5965,145836,0,gp,restricted,1,0.0909049696832328,2000.0,,
5965,145836,0,gp,full,1,0.07575225250750861,11213.5,0.09414072800702147,
5965,145836,1,tpe,full,1,0.060599535331784304,11213.5,,
5965,145836,1,tpe,restricted,1,0.10605768685895589,2000.0,,
5965,145836,1,gp,restricted,1,0.1363631212104044,2000.0,,
5965,145836,1,gp,full,1,0.1212104040346802,11213.5,0.037307279216229255,
5965,145836,2,tpe,full,1,0.0909049696832328,11213.5,,
5965,145836,2,tpe,restricted,1,0.0909049696832328,2000.0,,
5965,145836,2,gp,restricted,1,0.030294100980337024,2000.0,,
5965,145836,3,tpe,full,1,0.10605768685895589,11213.5,,
5965,145836,2,gp,full,1,0.030294100980337024,11213.5,0.007819925572664522,
5965,145836,3,tpe,restricted,1,0.10605768685895589,2000.0,,
5965,145836,3,gp,restricted,1,0.060599535331784304,2000.0,,
5965,145836,3,gp,full,1,0.060599535331784304,11213.5,0.053755437424974725,
5965,145836,4,tpe,full,1,0.060599535331784304,11213.5,,
5965,145836,4,tpe,restricted,1,0.07575225250750861,2000.0,,
5965,145836,4,gp,restricted,1,0.060599535331784304,2000.0,,
5965,145836,4,gp,full,1,0.10605768685895589,11213.5,0.04161632748915765,
5965,9914,0,tpe,full,1,0.051532762964256684,11305.5,,
5965,9914,0,tpe,restricted,1,0.025766381482126954,2000.0,,
5965,9914,0,gp,restricted,1,0.0360679454241587,2000.0,,
5965,9914,0,gp,full,1,0.0360679454241587,11305.5,-0.012850955088591066,
5965,9914,1,tpe,full,1,0.0360679454241587,11305.5,,
5965,9914,1,tpe,restricted,1,0.0360679454241587,2000.0,,
5965,9914,1,gp,restricted,1,0.0206031278840636,2000.0,,
5965,9914,1,gp,full,1,0.0360679454241587,11305.5,-0.020388412363805387,
5965,9914,2,tpe,full,1,0.0360679454241587,11305.5,,
5965,9914,2,tpe,restricted,1,0.025766381482126954,2000.0,,
5965,9914,2,gp,restricted,1,0.04123119902222483,2000.0,,
5965,9914,2,gp,full,1,0.04123119902222483,11305.5,-0.11557635190522539,
5965,9914,3,tpe,full,1,0.030929635080193085,11305.5,,
5965,9914,3,tpe,restricted,1,0.0360679454241587,2000.0,,
5965,9914,3,gp,restricted,1,0.0360679454241587,2000.0,,
5965,9914,3,gp,full,1,0.030929635080193085,11305.5,-0.12091331695375951,
5965,9914,4,tpe,full,1,0.04123119902222483,11305.5,,
5965,9914,4,tpe,restricted,1,0.025766381482126954,2000.0,,
5965,9914,4,gp,restricted,1,0.0360679454241587,2000.0,,
5965,9914,4,gp,full,1,0.030929635080193085,11305.5,0.09038193235583751,
5965,3903,0,tpe,full,1,0.08080329654715201,11521.5,,
5965,3903,0,tpe,restricted,1,0.07069893746348976,2000.0,,
5965,3903,0,gp,full,1,0.04040164827357695,11521.5,0.028937168584253638,
5965,3903,0,gp,restricted,1,0.04040164827357695,2000.0,,
5965,3903,1,tpe,full,1,0.03029728918991459,11521.5,,
5965,3903,1,tpe,restricted,1,0.10099622665340446,2000.0,,
5965,3903,1,gp,restricted,1,0.020192930106254114,2000.0,,
5965,3903,1,gp,full,1,0.020192930106254114,11521.5,0.008960661902208743,
5965,3903,2,tpe,full,1,0.10099622665340446,11521.5,,
5965,3903,2,tpe,restricted,1,0.0909076556308126,2000.0,,
5965,3903,2,gp,restricted,1,0.11110058573706671,2000.0,,
5965,3903,2,gp,full,1,0.0909076556308126,11521.5,0.008484420070952537,
5965,3903,3,tpe,full,1,0.06059457837982929,11521.5,,
5965,3903,3,tpe,restricted,1,0.0909076556308126,2000.0,,
5965,3903,3,gp,restricted,1,0.03029728918991459,2000.0,,
5965,3903,3,gp,full,1,0.0,11521.5,0.02342831183862698,
5965,3903,4,tpe,full,1,0.06059457837982929,11521.5,,
5965,3903,4,tpe,restricted,1,0.06059457837982929,2000.0,,
5965,3903,4,gp,restricted,1,0.050490219296168704,2000.0,,
5965,3903,4,gp,full,1,0.03029728918991459,11521.5,0.03420019909265235,
5965,10101,0,tpe,full,1,0.12857036000128275,11633.5,,
5965,10101,0,tpe,restricted,1,0.11428357714542181,2000.0,,
5965,10101,0,gp,full,1,0.11428357714542181,11633.5,-0.0030800322904660947,
5965,10101,0,gp,restricted,1,0.18571749142472527,2000.0,,
5965,10101,1,tpe,full,1,0.12857036000128275,11633.5,,
5965,10101,1,tpe,restricted,1,0.11428357714542181,2000.0,,
5965,10101,1,gp,restricted,1,0.08571001143370116,2000.0,,
5965,10101,1,gp,full,1,0.09999679428956088,11633.5,0.008553541303662815,
5965,10101,2,tpe,full,1,0.08571001143370116,11633.5,,
5965,10101,2,tpe,restricted,1,0.08571001143370116,2000.0,,
5965,10101,2,gp,restricted,1,0.08571001143370116,2000.0,,
5965,10101,2,gp,full,1,0.08571001143370116,11633.5,0.08840672294335239,
5965,10101,3,tpe,full,1,0.09999679428956088,11633.5,,
5965,10101,3,tpe,restricted,1,0.12857036000128275,2000.0,,
5965,10101,3,gp,restricted,1,0.11428357714542181,2000.0,,
5965,10101,3,gp,full,1,0.09999679428956088,11633.5,4.6554586569824696e-05,
5965,10101,4,tpe,full,1,0.1571439257130034,11633.5,,
5965,10101,4,tpe,restricted,1,0.14285714285714257,2000.0,,
5965,10101,4,gp,full,1,0.12857036000128275,11633.5,0.07547577568200452,
5965,10101,4,gp,restricted,1,0.08571001143370116,2000.0,,
5965,9889,0,tpe,full,1,0.015545080734127859,12304.5,,
5965,9889,0,tpe,restricted,1,0.03109016146825838,2000.0,,
5965,9889,0,gp,restricted,1,0.0,2000.0,,
5965,9889,0,gp,full,1,0.02073513188245968,12304.5,-0.006725166945525302,
5965,9889,1,tpe,restricted,1,0.02073513188245968,2000.0,,
5965,9889,1,tpe,full,1,0.036280212616587426,12304.5,,
5965,9889,1,gp,restricted,1,0.036280212616587426,2000.0,,
5965,9889,1,gp,full,1,0.02590011031992656,12304.5,-0.017750572833537877,
5965,9889,2,tpe,full,1,0.010355029585798703,12304.5,,
5965,9889,2,tpe,restricted,1,0.03109016146825838,2000.0,,
5965,9889,2,gp,restricted,1,0.02073513188245968,2000.0,,
5965,9889,2,gp,full,1,0.02073513188245968,12304.5,0.005507110650866842,
5965,9889,3,tpe,full,1,0.03109016146825838,12304.5,,
5965,9889,3,tpe,restricted,1,0.051825293350715285,2000.0,,
5965,9889,3,gp,full,1,0.005190051148329045,12304.5,-0.038819530048368404,
5965,9889,3,gp,restricted,1,0.015545080734127859,2000.0,,
5965,9889,4,tpe,full,1,0.02590011031992656,12304.5,,
5965,9889,4,tpe,restricted,1,0.02590011031992656,2000.0,,
5965,9889,4,gp,restricted,1,0.03109016146825838,2000.0,,
5965,9889,4,gp,full,1,0.02073513188245968,12304.5,-0.057377722302776414,
5965,49,0,tpe,full,1,0.00305856985492281,12391.5,,
5965,49,0,tpe,restricted,1,0.018348489464926065,2000.0,,
5965,49,0,gp,restricted,1,0.09480101717955336,2000.0,,
5965,49,0,gp,full,1,0.09174244732463022,12391.5,-0.010700161200403225,
5965,49,1,tpe,full,1,0.0061171397098459535,12391.5,,
5965,49,1,tpe,restricted,1,0.00305856985492281,2000.0,,
5965,49,1,gp,restricted,1,0.0061171397098459535,2000.0,,
5965,49,1,gp,full,1,0.00305856985492281,12391.5,-0.054581214086064554,
5965,49,2,tpe,full,1,0.0,12391.5,,
5965,49,2,tpe,restricted,1,0.009175709564769097,2000.0,,
5965,49,2,gp,restricted,1,0.0061171397098459535,2000.0,,
5965,49,2,gp,full,1,0.0061171397098459535,12391.5,-0.05623404046008801,
5965,49,3,tpe,full,1,0.0061171397098459535,12391.5,,
5965,49,3,tpe,restricted,1,0.0061171397098459535,2000.0,,
5965,49,3,gp,restricted,1,0.0764525277146273,2000.0,,
5965,49,3,gp,full,1,0.10091815688939931,12391.5,0.024921513029122693,
5965,49,4,tpe,full,1,0.0061171397098459535,12391.5,,
5965,49,4,tpe,restricted,1,0.0,2000.0,,
5965,49,4,gp,restricted,1,0.0030582456957903847,2000.0,,
5965,49,4,gp,full,1,0.0,12391.5,0.048180540596621184,
5965,9946,0,tpe,full,1,0.020513180854724866,13125.5,,
5965,9946,0,tpe,restricted,1,0.020513180854724866,2000.0,,
5965,9946,0,gp,restricted,1,0.010256590427362267,2000.0,,
5965,9946,0,gp,full,1,0.010256590427362267,13125.5,0.0263479608991094,
5965,9946,1,tpe,full,1,0.010256590427362267,13125.5,,
5965,9946,1,tpe,restricted,1,0.020513180854724866,2000.0,,
5965,9946,1,gp,restricted,1,0.015383426666587208,2000.0,,
5965,9946,1,gp,full,1,0.010256590427362267,13125.5,-0.0005218364784961349,
5965,9946,2,tpe,full,1,0.020513180854724866,13125.5,,
5965,9946,2,tpe,restricted,1,0.020513180854724866,2000.0,,
5965,9946,2,gp,full,1,0.010256590427362267,13125.5,-0.03286013087749534,
5965,9946,2,gp,restricted,1,0.020513180854724866,2000.0,,
5965,9946,3,tpe,full,1,0.025640017093949807,13125.5,,
5965,9946,3,tpe,restricted,1,0.015383426666587208,2000.0,,
5965,9946,3,gp,restricted,1,0.025640017093949807,2000.0,,
5965,9946,3,gp,full,1,0.020513180854724866,13125.5,-0.04958981361746952,
5965,9946,4,tpe,full,1,0.020513180854724866,13125.5,,
5965,9946,4,tpe,restricted,1,0.015383426666587208,2000.0,,
5965,9946,4,gp,full,1,0.010256590427362267,13125.5,-0.002237536706632881,
5965,9946,4,gp,restricted,1,0.0,2000.0,,
6794,145804,0,tpe,full,1,0.0027552426144189512,52433.5,,
6794,145804,0,tpe,restricted,1,0.0055104852288381245,2000.0,,
6794,145804,0,gp,restricted,1,0.0055104852288381245,2000.0,,
6794,145804,0,gp,full,1,0.008265727843257409,52433.5,0.03141154625749688,
6794,145804,1,tpe,full,1,0.011018331336398068,52433.5,,
6794,145804,1,tpe,restricted,1,0.0055104852288381245,2000.0,,
6794,145804,2,tpe,full,1,0.0055104852288381245,52433.5,,
6794,145804,1,gp,restricted,1,0.0055104852288381245,2000.0,,
6794,145804,2,tpe,restricted,1,0.0055104852288381245,2000.0,,
6794,145804,1,gp,full,1,0.0055104852288381245,52433.5,0.028324709527964304,
6794,145804,3,tpe,full,1,0.0055104852288381245,52433.5,,
6794,145804,3,tpe,restricted,1,0.0055104852288381245,2000.0,,
6794,145804,2,gp,restricted,1,0.0027552426144189512,2000.0,,
6794,145804,2,gp,full,1,0.0055104852288381245,52433.5,0.01379998902828776,
6794,145804,4,tpe,full,1,0.0027552426144189512,52433.5,,
6794,145804,4,tpe,restricted,1,0.011018331336398068,2000.0,,
6794,145804,3,gp,restricted,1,0.008265727843257409,2000.0,,
6794,145804,3,gp,full,1,0.0055104852288381245,52433.5,0.029168002889642098,
6794,3,0,tpe,full,1,0.0032606293598409497,55445.5,,
6794,145804,4,gp,restricted,1,0.0055104852288381245,2000.0,,
6794,145804,4,gp,full,1,0.008265727843257409,52433.5,-0.04256588232185961,
6794,3,0,tpe,restricted,1,0.00261017132897734,2000.0,,
6794,3,0,gp,restricted,1,0.0013050856644885034,2000.0,,
6794,3,1,tpe,restricted,1,0.001957628496732977,2000.0,,
6794,3,1,tpe,full,1,0.00261017132897734,55445.5,,
6794,3,0,gp,full,1,0.001957628496732977,55445.5,-0.005623253144374623,
6794,3,2,tpe,full,1,0.0013050856644885034,55445.5,,
6794,3,2,tpe,restricted,1,0.0013050856644885034,2000.0,,
6794,3,1,gp,restricted,1,0.001957628496732977,2000.0,,
6794,3,1,gp,full,1,0.00261017132897734,55445.5,-0.08553650474663885,
6794,3,3,tpe,full,1,0.0013050856644885034,55445.5,,
6794,3,2,gp,restricted,1,0.001957628496732977,2000.0,,
6794,3,3,tpe,restricted,1,0.0013050856644885034,2000.0,,
6794,3,2,gp,full,1,0.001957628496732977,55445.5,-0.050629723706656235,
6794,3,3,gp,restricted,1,0.0006525428322443627,2000.0,,
6794,3,4,tpe,full,1,0.001957628496732977,55445.5,,
6794,3,4,tpe,restricted,1,0.0013050856644885034,2000.0,,
6794,3,3,gp,full,1,0.0013050856644885034,55445.5,0.003361231624270372,
6794,146065,0,tpe,full,1,0.04453479714440067,60764.5,,
6794,3,4,gp,restricted,1,0.0013050856644885034,2000.0,,
6794,146065,0,tpe,restricted,1,0.01619535648763204,2000.0,,
6794,3,4,gp,full,1,0.0013050856644885034,55445.5,-0.017094940581018396,
6794,146065,1,tpe,full,1,0.024290601534860623,60764.5,,
6794,146065,0,gp,restricted,1,0.01214651736572403,2000.0,,
6794,146065,1,tpe,restricted,1,0.01619535648763204,2000.0,,
6794,146065,0,gp,full,1,0.01214651736572403,60764.5,-0.02139026914844702,
6794,146065,2,tpe,full,1,0.00809767824381602,60764.5,,
6794,146065,1,gp,restricted,1,0.01214651736572403,2000.0,,
6794,146065,2,tpe,restricted,1,0.028339440656768633,2000.0,,
6794,146065,1,gp,full,1,0.00809767824381602,60764.5,-0.010437115602541758,
6794,146065,3,tpe,full,1,0.028339440656768633,60764.5,,
6794,146065,2,gp,restricted,1,0.00809767824381602,2000.0,,
6794,146065,3,tpe,restricted,1,0.02024419560954005,2000.0,,
6794,146065,2,gp,full,1,0.00404883912190801,60764.5,-0.04107785677528418,
6794,146065,3,gp,restricted,1,0.01214651736572403,2000.0,,
6794,146065,4,tpe,full,1,0.01214651736572403,60764.5,,
6794,146065,4,tpe,restricted,1,0.01214651736572403,2000.0,,
6794,146065,4,gp,restricted,1,0.01214651736572403,2000.0,,
6794,10101,0,tpe,full,1,0.13432769168936753,65937.5,,
6794,146065,4,gp,full,1,0.01214651736572403,60764.5,-0.04421565444988839,
6794,10101,0,tpe,restricted,1,0.11940115214575986,2000.0,,
6794,146065,3,gp,full,1,0.01214651736572403,60764.5,-0.027473056205776964,
6794,10101,0,gp,restricted,1,0.08954807305854562,2000.0,,
6794,10101,0,gp,full,1,0.04477961863082314,65937.5,0.002695840473348443,
6794,10101,1,tpe,full,1,0.13432769168936753,65937.5,,
6794,10101,1,tpe,restricted,1,0.08954807305854562,2000.0,,
6794,10101,2,tpe,full,1,0.07462153351493783,65937.5,,
6794,10101,1,gp,restricted,1,0.04477961863082314,2000.0,,
6794,10101,2,tpe,restricted,1,0.07462153351493783,2000.0,,
6794,10101,1,gp,full,1,0.04477961863082314,65937.5,-0.011182531360616393,
6794,10101,2,gp,restricted,1,0.0597061581744297,2000.0,,
6794,10101,3,tpe,restricted,1,0.22387576474791315,2000.0,,
6794,10101,3,tpe,full,1,0.11940115214575986,65937.5,,
6794,10101,2,gp,full,1,0.0597061581744297,65937.5,0.03921229527851229,
6794,10101,4,tpe,full,1,0.11940115214575986,65937.5,,
6794,10101,4,tpe,restricted,1,0.08954807305854562,2000.0,,
6794,10101,3,gp,restricted,1,0.08954807305854562,2000.0,,
6794,10101,3,gp,full,1,0.07462153351493783,65937.5,-0.027922338017324078,
6794,10101,4,gp,restricted,1,0.04477961863082314,2000.0,,
6794,9914,0,tpe,full,1,0.033150648309050124,69185.5,,
6794,9914,0,tpe,restricted,1,0.022109343670632886,2000.0,,
6794,10101,4,gp,full,1,0.02985307908721546,65937.5,0.02989209020550384,
6794,9914,0,gp,restricted,1,0.01657532415452656,2000.0,,
6794,9914,1,tpe,full,1,0.027616628792943798,69185.5,,
6794,9914,1,tpe,restricted,1,0.038684667825159336,2000.0,,
6794,9914,1,gp,restricted,1,0.022109343670632886,2000.0,,
6794,9914,2,tpe,full,1,0.04419195294746736,69185.5,,
6794,9914,0,gp,full,1,0.01657532415452656,69185.5,-0.023050154096652647,
6794,9914,1,gp,full,1,0.027616628792943798,69185.5,-0.007374054428854265,
6794,9914,2,tpe,restricted,1,0.033150648309050124,2000.0,,
6794,9914,3,tpe,full,1,0.033150648309050124,69185.5,,
6794,9914,2,gp,restricted,1,0.022109343670632886,2000.0,,
6794,9914,3,tpe,restricted,1,0.038684667825159336,2000.0,,
6794,9914,2,gp,full,1,0.022109343670632886,69185.5,-0.015079370375932516,
6794,9914,4,tpe,full,1,0.027616628792943798,69185.5,,
6794,9914,4,tpe,restricted,1,0.033150648309050124,2000.0,,
6794,9914,3,gp,restricted,1,0.027616628792943798,2000.0,,
6794,9914,3,gp,full,1,0.027616628792943798,69185.5,-0.00834524283866594,
6794,9914,4,gp,restricted,1,0.033150648309050124,2000.0,,
6794,31,0,tpe,full,1,0.0625,102291.5,,
6794,31,0,tpe,restricted,1,0.0625,2000.0,,
6794,9914,4,gp,full,1,0.027616628792943798,69185.5,0.022037586717877488,
6794,31,0,gp,restricted,1,0.0625,2000.0,,
6794,31,1,tpe,full,1,0.0625,102291.5,,
6794,31,1,tpe,restricted,1,0.08125000000000004,2000.0,,
6794,31,0,gp,full,1,0.050000000000000044,102291.5,-0.003267741957998377,
6794,31,1,gp,restricted,1,0.08125000000000004,2000.0,,
6794,31,1,gp,full,1,0.050000000000000044,102291.5,-0.018612106419331614,
6794,31,2,tpe,full,1,0.04375000000000007,102291.5,,
6794,31,2,tpe,restricted,1,0.04375000000000007,2000.0,,
6794,31,2,gp,restricted,1,0.04375000000000007,2000.0,,
6794,31,3,tpe,restricted,1,0.06875000000000009,2000.0,,
6794,31,3,tpe,full,1,0.06875000000000009,102291.5,,
6794,31,2,gp,full,1,0.04375000000000007,102291.5,0.07846182883138997,
6794,31,4,tpe,full,1,0.0625,102291.5,,
6794,31,4,tpe,restricted,1,0.07500000000000007,2000.0,,
6794,31,3,gp,restricted,1,0.06875000000000009,2000.0,,
7607,14965,0,tpe,full,1,0.024570317151591192,632.5,,
7607,14965,0,tpe,restricted,1,0.0236970587067864,632.5,,
7607,14965,0,gp,full,1,0.014051522248242132,632.5,-0.12822059174250247,
7607,14965,0,gp,restricted,1,0.014051522248242132,632.5,,
7607,14965,1,tpe,full,1,0.04036835628944724,632.5,,
7607,14965,1,tpe,restricted,1,0.014924780693051365,632.5,,
7607,14965,1,gp,full,1,0.014051522248242132,632.5,-0.025239740223849883,
7607,14965,1,gp,restricted,1,0.014051522248242132,632.5,,
7607,14965,2,tpe,full,1,0.013178263803437451,632.5,,
7607,14965,2,tpe,restricted,1,0.005279244234511538,632.5,,
6794,31,4,gp,restricted,1,0.07500000000000007,2000.0,,
7607,14965,2,gp,restricted,1,0.005279244234511538,632.5,,
7607,14965,3,tpe,full,1,0.012265311792958533,632.5,,
7607,14965,3,tpe,restricted,1,0.005279244234511538,632.5,,
7607,14965,2,gp,full,1,0.005279244234511538,632.5,-0.000623031459169901,
6794,31,4,gp,full,1,0.06875000000000009,102291.5,0.007962048352063766,
7607,14965,4,tpe,full,1,0.0236970587067864,632.5,,
7607,14965,3,gp,full,1,0.00436629222403262,632.5,-0.0652331223256007,
7607,14965,4,tpe,restricted,1,0.04215456674473095,632.5,,
7607,14965,3,gp,restricted,1,0.00436629222403262,632.5,,
7607,145976,0,tpe,full,1,0.07000337920865063,662.5,,
7607,145976,0,tpe,restricted,1,0.01999877119685467,662.5,,
7607,14965,4,gp,full,1,0.03687532251022374,632.5,-0.06684672305491242,
7607,14965,4,gp,restricted,1,0.03687532251022374,632.5,,
7607,145976,1,tpe,full,1,0.03999754239370845,662.5,,
7607,145976,1,tpe,restricted,1,0.03999754239370845,662.5,,
7607,145976,0,gp,full,1,0.00999938559842728,662.5,-0.01832602708633496,
7607,145976,0,gp,restricted,1,0.00999938559842728,662.5,,
7607,145976,2,tpe,full,1,0.08000276480707802,662.5,,
7607,145976,1,gp,restricted,1,0.00999938559842728,662.5,,
7607,145976,2,tpe,restricted,1,0.0,662.5,,
7607,145976,1,gp,full,1,0.00999938559842728,662.5,-0.04188531027094002,
7607,145976,3,tpe,full,1,0.03999754239370845,662.5,,
7607,145976,3,tpe,restricted,1,0.029998156795281172,662.5,,
7607,145976,2,gp,full,1,0.029998156795281172,662.5,-0.06236094143058972,
7607,145976,3,gp,full,1,0.04999692799213573,662.5,-0.03946690824211027,
6794,31,3,gp,full,1,0.05625000000000002,102291.5,0.00808628478539979,
7607,145976,2,gp,restricted,1,0.029998156795281172,662.5,,
7607,145976,4,tpe,restricted,1,0.01999877119685467,662.5,,
7607,145976,4,tpe,full,1,0.029998156795281172,662.5,,
7607,3896,0,tpe,full,1,0.02105242938504215,677.5,,
7607,3896,0,tpe,restricted,1,0.018949107288635414,677.5,,
7607,145976,3,gp,restricted,1,0.04999692799213573,662.5,,
7607,145976,4,gp,full,1,0.029998156795281172,662.5,-0.05312538632232313,
7607,3896,1,tpe,full,1,0.029475321981156433,677.5,,
7607,3896,0,gp,full,1,0.012629536788927864,677.5,0.056016254496714435,
7607,3896,1,tpe,restricted,1,0.03157864407756317,677.5,,
7607,145976,4,gp,restricted,1,0.029998156795281172,662.5,,
7607,3896,2,tpe,full,1,0.00420664419281358,677.5,,
7607,3896,2,tpe,restricted,1,0.00420664419281358,677.5,,
7607,3896,0,gp,restricted,1,0.012629536788927864,677.5,,
7607,3896,1,gp,full,1,0.014732858885334599,677.5,-0.07652451816616637,
7607,3896,3,tpe,full,1,0.010526214692521019,677.5,,
7607,3896,3,tpe,restricted,1,0.025259073577856728,677.5,,
7607,3896,1,gp,restricted,1,0.014732858885334599,677.5,,
7607,3896,2,gp,full,1,0.00420664419281358,677.5,0.05100529141625596,
7607,3896,4,tpe,full,1,0.025259073577856728,677.5,,
7607,3896,4,tpe,restricted,1,0.0,677.5,,
7607,3896,2,gp,restricted,1,0.00420664419281358,677.5,,
7607,3896,3,gp,full,1,0.025259073577856728,677.5,-0.049798171957835445,
7607,3913,0,tpe,full,1,0.1333194132693003,681.5,,
7607,3913,0,tpe,restricted,1,0.09999825999199519,681.5,,
7607,3896,3,gp,restricted,1,0.025259073577856728,677.5,,
7607,3896,4,gp,full,1,0.025259073577856728,677.5,-0.02699667435937726,
7607,3913,1,tpe,full,1,0.06665970663464915,681.5,,
7607,3913,1,tpe,restricted,1,0.06665970663464915,681.5,,
7607,3896,4,gp,restricted,1,0.025259073577856728,677.5,,
7607,3913,0,gp,full,1,0.033321153277305116,681.5,0.019355593154007193,
7607,3913,2,tpe,full,1,0.09999825999199519,681.5,,
7607,3913,0,gp,restricted,1,0.033321153277305116,681.5,,
7607,3913,2,tpe,restricted,1,0.09999825999199519,681.5,,
7607,3913,1,gp,full,1,0.09999825999199519,681.5,0.059922825513721814,
7607,3913,3,tpe,full,1,0.06665970663464915,681.5,,
7607,3913,3,tpe,restricted,1,0.06665970663464915,681.5,,
7607,3913,1,gp,restricted,1,0.09999825999199519,681.5,,
7607,3913,2,gp,full,1,0.09999825999199519,681.5,0.059446995209317885,
7607,3913,4,tpe,full,1,0.06665970663464915,681.5,,
7607,3913,2,gp,restricted,1,0.09999825999199519,681.5,,
7607,3913,4,tpe,restricted,1,0.09999825999199519,681.5,,
7607,3913,3,gp,full,1,0.06665970663464915,681.5,0.0766925838795874,
7607,3903,0,tpe,full,1,0.18746641918624496,684.5,,
7607,3903,0,tpe,restricted,1,0.12499389439750308,684.5,,
7607,3913,3,gp,restricted,1,0.06665970663464915,681.5,,
7607,3913,4,gp,full,1,0.06665970663464915,681.5,0.06283220185057632,
7607,3903,1,tpe,full,1,0.18746641918624496,684.5,,
7607,3913,4,gp,restricted,1,0.06665970663464915,681.5,,
7607,3903,1,tpe,restricted,1,0.28124847359937577,684.5,,
7607,3903,0,gp,full,1,0.0,684.5,0.05107535403920834,
7607,3903,2,tpe,full,1,0.2499877887950006,684.5,,
7607,3903,2,tpe,restricted,1,0.06247252478874743,684.5,,
7607,3903,0,gp,restricted,1,0.0,684.5,,
7607,3903,1,gp,restricted,1,0.06247252478874743,684.5,,
7607,3903,3,tpe,full,1,0.3124603135837426,684.5,,
7607,3903,3,tpe,restricted,1,0.12499389439750308,684.5,,
7607,3903,1,gp,full,1,0.06247252478874743,684.5,0.0029396570710507747,
7607,3903,2,gp,full,1,0.09373320959312248,684.5,0.032934818369426654,
7607,3903,4,tpe,full,1,0.12499389439750308,684.5,,
7607,3903,4,tpe,restricted,1,0.12499389439750308,684.5,,
7607,3903,2,gp,restricted,1,0.09373320959312248,684.5,,
7607,3903,3,gp,full,1,0.12499389439750308,684.5,-0.0093969073063607,
7607,9946,0,tpe,full,1,0.01546565615385287,707.5,,
7607,9946,0,tpe,restricted,1,0.01546565615385287,707.5,,
7607,3903,3,gp,restricted,1,0.12499389439750308,684.5,,
7607,3903,4,gp,restricted,1,0.12499389439750308,684.5,,
7607,9946,1,tpe,full,1,0.005156196381276734,707.5,,
7607,9946,1,tpe,restricted,1,0.01546565615385287,707.5,,
7607,3903,4,gp,full,1,0.12499389439750308,684.5,0.018814438766185833,
7607,9946,0,gp,full,1,0.0,707.5,-0.04104117148770055,
7607,9946,2,tpe,full,1,0.0,707.5,,
7607,9946,2,tpe,restricted,1,0.0,707.5,,
7607,9946,0,gp,restricted,1,0.0,707.5,,
7607,9946,1,gp,restricted,1,0.0,707.5,,
7607,9946,3,tpe,full,1,0.01546565615385287,707.5,,
7607,9946,1,gp,full,1,0.0,707.5,0.012854648488587467,
7607,9946,3,tpe,restricted,1,0.02577511592642856,707.5,,
7607,9946,2,gp,restricted,1,0.0,707.5,,
7607,9946,2,gp,full,1,0.0,707.5,0.012644995775890327,
7607,9946,4,tpe,full,1,0.01546565615385287,707.5,,
7607,9946,4,tpe,restricted,1,0.01546565615385287,707.5,,
7607,9946,3,gp,full,1,0.005156196381276734,707.5,-0.028649344006657668,
7607,9967,0,tpe,full,1,0.0,880.5,,
7607,9946,3,gp,restricted,1,0.005156196381276734,707.5,,
7607,9967,0,tpe,restricted,1,0.0,880.5,,
7607,9946,4,gp,full,1,0.010309459772575802,707.5,-0.09321003423842839,
7607,9967,1,tpe,full,1,0.0,880.5,,
7607,9967,1,tpe,restricted,1,0.0,880.5,,
7607,9946,4,gp,restricted,1,0.010309459772575802,707.5,,
7607,9967,0,gp,restricted,1,0.0,880.5,,
7607,9967,2,tpe,full,1,0.0,880.5,,
7607,9967,0,gp,full,1,0.0,880.5,-0.06782960351932182,
7607,9967,2,tpe,restricted,1,0.0,880.5,,
7607,9967,1,gp,restricted,1,0.0,880.5,,
7607,9967,3,tpe,full,1,0.0,880.5,,
7607,9967,3,tpe,restricted,1,0.0,880.5,,
7607,9967,1,gp,full,1,0.0,880.5,0.03444229444455188,
7607,9967,2,gp,restricted,1,0.0,880.5,,
7607,9967,4,tpe,full,1,0.0,880.5,,
7607,9967,4,tpe,restricted,1,0.0,880.5,,
7607,9967,2,gp,full,1,0.0,880.5,-0.025257152127839678,
7607,9967,3,gp,full,1,0.0,880.5,-0.054886706698791386,
7607,9967,3,gp,restricted,1,0.0,880.5,,
7609,145854,0,tpe,full,1,0.003965620877276588,1254.5,,
7609,145854,0,tpe,restricted,1,0.00226383868978397,1254.5,,
7607,9967,4,gp,full,1,0.0,880.5,0.05289794937135114,
7609,145854,1,tpe,full,1,0.0024902225587618565,1254.5,,
7609,145854,1,tpe,restricted,1,0.006342651501549557,1254.5,,
7607,9967,4,gp,restricted,1,0.0,880.5,,
7609,145854,0,gp,full,1,0.005097540222168129,1254.5,-0.002703456184252301,
7609,145854,0,gp,restricted,1,0.005097540222168129,1254.5,,
7609,145854,2,tpe,full,1,0.003965620877276588,1254.5,,
7609,145854,2,tpe,restricted,1,0.003965620877276588,1254.5,,
7609,145854,1,gp,restricted,1,0.00011319193448899867,1254.5,,
7609,145854,1,gp,full,1,0.00011319193448899867,1254.5,-0.022908636324961616,
7609,145854,3,tpe,full,1,0.005889883763592674,1254.5,,
7609,145854,3,tpe,restricted,1,0.0,1254.5,,
7609,145854,2,gp,full,1,0.003965620877276588,1254.5,-0.09485103543972276,
7609,145854,4,tpe,full,1,0.007361378911952099,1254.5,,
7609,145854,2,gp,restricted,1,0.003965620877276588,1254.5,,
7609,145854,4,tpe,restricted,1,0.006116267632571115,1254.5,,
7609,145854,3,gp,full,1,0.005097540222168129,1254.5,-0.01239810724687867,
7609,3903,0,tpe,full,1,0.04879536444037613,1277.5,,
7609,145854,3,gp,restricted,1,0.005097540222168129,1254.5,,
7609,3903,0,tpe,restricted,1,0.02439768222018801,1277.5,,
7609,145854,4,gp,restricted,1,0.00045276773795677183,1254.5,,
7609,3903,1,tpe,full,1,0.1707456541628547,1277.5,,
7609,145854,4,gp,full,1,0.00045276773795677183,1254.5,-0.025397994381162914,
7609,3903,1,tpe,restricted,1,0.02439768222018801,1277.5,,
7609,3903,0,gp,full,1,0.04879536444037613,1277.5,-0.004033732523991246,
7609,3903,0,gp,restricted,1,0.04879536444037613,1277.5,,
7609,3903,2,tpe,full,1,0.19514333638304282,1277.5,,
7609,3903,2,tpe,restricted,1,0.14634797194266247,1277.5,,
7609,3903,1,gp,full,1,0.04879536444037613,1277.5,-0.02996096545516815,
7609,3903,1,gp,restricted,1,0.04879536444037613,1277.5,,
7609,3903,3,tpe,full,1,0.07319304666056836,1277.5,,
7609,3903,3,tpe,restricted,1,0.07319304666056836,1277.5,,
7609,3903,2,gp,full,1,0.0,1277.5,-0.021133312115271714,
7609,3903,4,tpe,full,1,0.09755260750228634,1277.5,,
7609,3903,4,tpe,restricted,1,0.04879536444037613,1277.5,,
7609,3903,2,gp,restricted,1,0.0,1277.5,,
7609,3903,3,gp,full,1,0.0,1277.5,0.015774532455132086,
7609,9967,0,tpe,full,1,0.0,1278.5,,
7609,3903,3,gp,restricted,1,0.0,1277.5,,
7609,9967,0,tpe,restricted,1,0.0,1278.5,,
7609,3903,4,gp,full,1,0.0,1277.5,-0.02788953759750535,
7609,9967,1,tpe,full,1,0.0,1278.5,,
7609,3903,4,gp,restricted,1,0.0,1277.5,,
7609,9967,1,tpe,restricted,1,0.0,1278.5,,
7609,9967,0,gp,restricted,1,0.0,1278.5,,
7609,9967,2,tpe,full,1,0.0,1278.5,,
7609,9967,0,gp,full,1,0.0,1278.5,-0.019902725602972616,
7609,9967,2,tpe,restricted,1,0.0,1278.5,,
7609,9967,1,gp,full,1,0.0,1278.5,-0.050956939281175284,
7609,9967,3,tpe,full,1,0.0,1278.5,,
7609,9967,3,tpe,restricted,1,0.0,1278.5,,
7609,9967,1,gp,restricted,1,0.0,1278.5,,
7609,9967,2,gp,full,1,0.0,1278.5,-0.05286042781426009,
7609,9967,4,tpe,full,1,0.0,1278.5,,
7609,9967,4,tpe,restricted,1,0.0,1278.5,,
7609,9967,2,gp,restricted,1,0.0,1278.5,,
7609,9967,3,gp,restricted,1,0.0,1278.5,,
7609,9967,3,gp,full,1,0.0,1278.5,-0.05050246643924623,
7609,145853,0,tpe,full,1,0.11929530246595599,1281.5,,
7609,145853,0,tpe,restricted,1,0.03734400664564741,1281.5,,
7609,9967,4,gp,restricted,1,0.0,1278.5,,
7609,9967,4,gp,full,1,0.0,1278.5,0.02792925898783464,
7609,145853,1,tpe,full,1,0.020746071003778677,1281.5,,
7609,145853,1,tpe,restricted,1,0.07261394561033963,1281.5,,
7609,145853,0,gp,restricted,1,0.0,1281.5,,
7609,145853,2,tpe,full,1,0.025932588754723374,1281.5,,
7609,145853,0,gp,full,1,0.0,1281.5,-0.08184086393644138,
7609,145853,2,tpe,restricted,1,0.025932588754723374,1281.5,,
7609,145853,1,gp,full,1,0.010373035501889394,1281.5,0.011794665376564723,
7609,145853,1,gp,restricted,1,0.010373035501889394,1281.5,,
7609,145853,3,tpe,full,1,0.010373035501889394,1281.5,,
7609,145853,3,tpe,restricted,1,0.07364963090225984,1281.5,,
7609,145853,2,gp,full,1,0.025932588754723374,1281.5,-0.0694181997673658,
7609,145853,4,tpe,full,1,0.04771704214753669,1281.5,,
7609,145853,2,gp,restricted,1,0.025932588754723374,1281.5,,
7609,145853,4,tpe,restricted,1,0.029045038824712988,1281.5,,
7609,145853,3,gp,full,1,0.010373035501889394,1281.5,-0.08485484578139856,
7609,145853,3,gp,restricted,1,0.010373035501889394,1281.5,,
7609,34537,0,tpe,full,1,0.0034722388861959663,1437.5,,
7609,34537,0,tpe,restricted,1,0.006946877384614636,1437.5,,
7609,145853,4,gp,full,1,0.024896903462802933,1281.5,-0.09682835751991246,
7609,34537,1,tpe,full,1,0.002603579261591382,1437.5,,
7609,34537,1,tpe,restricted,1,0.0028219439738539354,1437.5,,
7609,145853,4,gp,restricted,1,0.024896903462802933,1281.5,,
7609,34537,0,gp,restricted,1,0.001953284349249129,1437.5,,
7609,34537,2,tpe,full,1,0.003906568698498258,1437.5,,
7609,34537,0,gp,full,1,0.001953284349249129,1437.5,-0.027845405759070567,
7609,34537,2,tpe,restricted,1,0.0054255232354453176,1437.5,,
7609,34537,1,gp,full,1,0.001084624724644545,1437.5,-0.019539492168806193,
7609,34537,3,tpe,full,1,0.0030379090738936743,1437.5,,
7609,34537,1,gp,restricted,1,0.001084624724644545,1437.5,,
7609,34537,3,tpe,restricted,1,0.006078217760010052,1437.5,,
7609,34537,2,gp,full,1,0.0017373192492095013,1437.5,-0.07273907645352339,
7609,34537,4,tpe,full,1,0.002603579261591382,1437.5,,
7609,34537,2,gp,restricted,1,0.0017373192492095013,1437.5,,
7609,34537,4,tpe,restricted,1,0.002603579261591382,1437.5,,
7609,34537,3,gp,full,1,0.0023876141615514213,1437.5,-0.07039504884482359,
7609,125923,0,tpe,full,1,0.013575197477286305,1479.5,,
7609,34537,3,gp,restricted,1,0.0023876141615514213,1437.5,,
7609,125923,0,tpe,restricted,1,0.009048050204502056,1479.5,,
7609,34537,4,gp,restricted,1,0.0,1437.5,,
7609,125923,1,tpe,full,1,0.009048050204502056,1479.5,,
7609,34537,4,gp,full,1,0.0,1437.5,-0.005832843410281308,
7609,125923,1,tpe,restricted,1,0.004524025102250806,1479.5,,
7609,125923,0,gp,full,1,0.013575197477286305,1479.5,-0.004239894426454333,
7609,125923,2,tpe,full,1,0.01809922257953711,1479.5,,
7609,125923,0,gp,restricted,1,0.013575197477286305,1479.5,,
7609,125923,2,tpe,restricted,1,0.013575197477286305,1479.5,,
7609,125923,1,gp,full,1,0.004524025102250806,1479.5,0.04833799730836741,
7609,125923,3,tpe,full,1,0.01809922257953711,1479.5,,
7609,125923,3,tpe,restricted,1,0.02262324768178825,1479.5,,
7609,125923,1,gp,restricted,1,0.004524025102250806,1479.5,,
7609,125923,2,gp,full,1,0.009048050204502056,1479.5,0.00694040311014687,
7609,125923,4,tpe,full,1,0.009048050204502056,1479.5,,
7609,125923,2,gp,restricted,1,0.009048050204502056,1479.5,,
7609,125923,4,tpe,restricted,1,0.013575197477286305,1479.5,,
7609,125923,3,gp,restricted,1,0.004524025102250806,1479.5,,
7609,125923,3,gp,full,1,0.004524025102250806,1479.5,-0.06171345357863787,
7609,145878,0,tpe,full,1,0.0,1578.5,,
7609,145878,0,tpe,restricted,1,0.010256604786609946,1578.5,,
7609,125923,4,gp,restricted,1,0.009048050204502056,1479.5,,
7609,145878,1,tpe,full,1,0.0,1578.5,,
7609,125923,4,gp,full,1,0.009048050204502056,1479.5,-0.06271867420225163,
7609,145878,1,tpe,restricted,1,0.020513209573220115,1578.5,,
7609,145878,0,gp,full,1,0.005126843416806248,1578.5,-0.004090209206742773,
7609,145878,2,tpe,full,1,0.020513209573220115,1578.5,,
7609,145878,0,gp,restricted,1,0.005126843416806248,1578.5,,
7609,145878,2,tpe,restricted,1,0.015383448203416195,1578.5,,
7609,145878,1,gp,full,1,0.0,1578.5,-0.003358600521417998,
7609,145878,3,tpe,full,1,0.010256604786609946,1578.5,,
7609,145878,1,gp,restricted,1,0.0,1578.5,,
7609,145878,3,tpe,restricted,1,0.010256604786609946,1578.5,,
7609,145878,2,gp,full,1,0.005126843416806248,1578.5,-0.005401239509462086,
7609,145878,4,tpe,full,1,0.020513209573220115,1578.5,,
7609,145878,4,tpe,restricted,1,0.025640052990026363,1578.5,,
7609,145878,2,gp,restricted,1,0.005126843416806248,1578.5,,
7609,145878,3,gp,restricted,1,0.010256604786609946,1578.5,,
7609,145878,3,gp,full,1,0.010256604786609946,1578.5,-0.0027746186472976443,
7609,145878,4,gp,restricted,1,0.005126843416806248,1578.5,,
7609,145878,4,gp,full,1,0.005126843416806248,1578.5,-0.05129820482476767,
5527,146064,0,tpe,full,1,0.0,44775.5,,
5527,146064,0,tpe,restricted,1,0.0,2000.0,,
5527,146064,1,tpe,restricted,1,0.0,2000.0,,
5527,146064,1,tpe,full,1,0.0,44775.5,,
5527,146064,0,gp,restricted,1,0.0,2000.0,,
5527,146064,0,gp,full,1,0.0,44775.5,0.053069893474480656,
5527,146064,2,tpe,full,1,0.0,44775.5,,
5527,146064,2,tpe,restricted,1,0.0,2000.0,,
5527,146064,1,gp,restricted,1,0.0,2000.0,,
5527,146064,1,gp,full,1,0.0,44775.5,-0.0008697897164048729,
5527,146064,3,tpe,full,1,0.0,44775.5,,
5527,146064,2,gp,restricted,1,0.0,2000.0,,
5527,146064,3,tpe,restricted,1,0.0,2000.0,,
5527,146064,2,gp,full,1,0.0,44775.5,-0.00401657411570186,
5527,146064,4,tpe,full,1,0.0,44775.5,,
5527,146064,4,tpe,restricted,1,0.0,2000.0,,
5527,146064,3,gp,restricted,1,0.0,2000.0,,
5527,146064,3,gp,full,1,0.0,44775.5,0.01658055636176527,
5527,146065,0,tpe,full,1,0.344262173945171,55612.5,,
5527,146064,4,gp,restricted,1,0.0,2000.0,,
5527,146065,0,tpe,restricted,1,0.0,2000.0,,
5527,146064,4,gp,full,1,0.0,44775.5,0.029873053942025378,
5527,146065,1,tpe,full,1,0.0,55612.5,,
5527,146065,0,gp,restricted,1,0.0,2000.0,,
5527,146065,1,tpe,restricted,1,0.344262173945171,2000.0,,
5527,146065,0,gp,full,1,0.0,55612.5,0.1330627050471199,
5527,146065,1,gp,restricted,1,0.0,2000.0,,
5527,146065,2,tpe,full,1,0.024589275597921012,55612.5,,
5527,146065,2,tpe,restricted,1,0.024589275597921012,2000.0,,
5527,146065,1,gp,full,1,0.0,55612.5,-0.05161778506396765,
5527,146065,3,tpe,full,1,0.344262173945171,55612.5,,
5527,146065,2,gp,restricted,1,0.0,2000.0,,
5527,146065,3,tpe,restricted,1,0.09835956550653957,2000.0,,
5527,146065,2,gp,full,1,0.0,55612.5,0.07750674294556496,
5527,146065,4,tpe,full,1,0.0,55612.5,,
5527,146065,3,gp,restricted,1,0.0,2000.0,,
5527,146065,3,gp,full,1,0.0,55612.5,-0.004429320969561204,
5527,146065,4,tpe,restricted,1,0.0,2000.0,,
5527,146065,4,gp,restricted,1,0.0,2000.0,,
5527,9914,0,tpe,full,1,0.003171756932269121,59340.5,,
5527,9914,0,tpe,restricted,1,0.003171756932269121,2000.0,,
5527,146065,4,gp,full,1,0.0,55612.5,0.09933180601908115,
5527,9914,1,tpe,full,1,0.01649743465351694,59340.5,,
5527,9914,0,gp,restricted,1,0.003171756932269121,2000.0,,
5527,9914,1,tpe,restricted,1,0.007614672983569881,2000.0,,
5527,9914,2,tpe,full,1,0.014593766407624553,59340.5,,
5527,9914,1,gp,restricted,1,0.003171756932269121,2000.0,,
5527,9914,1,gp,full,1,0.0025392478054083734,59340.5,0.016390078287021426,
5527,9914,2,tpe,restricted,1,0.005075425178161952,2000.0,,
5527,9914,3,tpe,full,1,0.008882761669946726,59340.5,,
5527,9914,2,gp,restricted,1,0.003807336491785107,2000.0,,
5527,9914,2,gp,full,1,0.007614672983569881,59340.5,0.02399637619893616,
5527,9914,3,tpe,restricted,1,0.003807336491785107,2000.0,,
5527,9914,0,gp,full,1,0.003171756932269121,59340.5,0.009236589149301765,
5527,9914,3,gp,restricted,1,0.00444291605130076,2000.0,,
5527,9914,3,gp,full,1,0.003171756932269121,59340.5,0.019675623073984093,
5527,9914,4,tpe,restricted,1,0.003807336491785107,2000.0,,
5527,9914,4,tpe,full,1,0.008882761669946726,59340.5,,
5527,9914,4,gp,restricted,1,0.003807336491785107,2000.0,,
5527,145804,0,tpe,full,1,0.0,59424.5,,
5527,9914,4,gp,full,1,0.003171756932269121,59340.5,0.013585173131564598,
5527,145804,0,tpe,restricted,1,0.0,2000.0,,
5527,145804,1,tpe,full,1,0.0,59424.5,,
5527,145804,1,tpe,restricted,1,0.0,2000.0,,
5527,145804,0,gp,full,1,0.0,59424.5,0.1497283426435523,
5527,145804,0,gp,restricted,1,0.0,2000.0,,
5527,145804,2,tpe,restricted,1,0.0,2000.0,,
5527,145804,2,tpe,full,1,0.0,59424.5,,
5527,145804,1,gp,restricted,1,0.0,2000.0,,
5527,145804,1,gp,full,1,0.0,59424.5,0.06605700215990315,
5527,145804,2,gp,full,1,0.0,59424.5,0.03449784134255587,
5527,145804,3,tpe,full,1,0.0,59424.5,,
5527,145804,3,tpe,restricted,1,0.0,2000.0,,
5527,145804,2,gp,restricted,1,0.0,2000.0,,
5527,145804,4,tpe,full,1,0.0,59424.5,,
5527,145804,4,tpe,restricted,1,0.0,2000.0,,
5527,145804,3,gp,restricted,1,0.0,2000.0,,
5527,145804,3,gp,full,1,0.0,59424.5,0.04385470880547843,
5527,31,0,tpe,restricted,1,0.1917808219178082,2000.0,,
5527,31,0,tpe,full,1,0.1643835616438356,60559.5,,
5527,145804,4,gp,full,1,0.0,59424.5,-0.013566754068549203,
5527,145804,4,gp,restricted,1,0.0,2000.0,,
5527,31,1,tpe,restricted,1,0.09589041095890416,2000.0,,
5527,31,1,tpe,full,1,0.15068493150684936,60559.5,,
5527,31,0,gp,restricted,1,0.136986301369863,2000.0,,
5527,31,0,gp,full,1,0.136986301369863,60559.5,0.0685509688914567,
5527,31,1,gp,restricted,1,0.0821917808219178,2000.0,,
5527,31,2,tpe,full,1,0.26027397260273977,60559.5,,
5527,31,2,tpe,restricted,1,0.136986301369863,2000.0,,
5527,31,1,gp,full,1,0.1643835616438356,60559.5,0.011702821557788535,
5527,31,3,tpe,full,1,0.15068493150684936,60559.5,,
5527,31,2,gp,restricted,1,0.12328767123287676,2000.0,,
5527,31,3,tpe,restricted,1,0.1643835616438356,2000.0,,
5527,31,2,gp,full,1,0.12328767123287676,60559.5,0.04886291479258687,
5527,31,3,gp,restricted,1,0.12328767123287676,2000.0,,
5527,31,4,tpe,restricted,1,0.12328767123287676,2000.0,,
5527,31,4,tpe,full,1,0.12328767123287676,60559.5,,
5527,31,4,gp,restricted,1,0.04109589041095896,2000.0,,
5527,10101,0,tpe,restricted,1,0.22222617987533377,2000.0,,
5527,10101,0,tpe,full,1,0.19047788661323872,74516.5,,
5527,31,3,gp,full,1,0.17808219178082196,60559.5,-0.008906337406557949,
5527,10101,1,tpe,restricted,1,0.14285544672009554,2000.0,,
5527,10101,1,tpe,full,1,0.03174829326209638,74516.5,,
5527,10101,0,gp,restricted,1,0.0952448797862877,2000.0,,
5527,31,4,gp,full,1,0.0273972602739726,60559.5,0.12365113614941045,
5527,10101,0,gp,full,1,0.1269813000890473,74516.5,0.025110906830090162,
5527,10101,2,tpe,full,1,0.20635203324428686,74516.5,,
5527,10101,2,tpe,restricted,1,0.22222617987533377,2000.0,,
5527,10101,1,gp,full,1,0.15872959335114367,74516.5,0.015438469165605578,
5527,10101,1,gp,restricted,1,0.19047788661323872,2000.0,,
5527,10101,2,gp,restricted,1,0.1269813000890473,2000.0,,
5527,10101,3,tpe,restricted,1,0.25397447313743016,2000.0,,
5527,10101,2,gp,full,1,0.11110715345800048,74516.5,0.05977184506780016,
5527,10101,3,tpe,full,1,0.2381003265063819,74516.5,,
5527,10101,3,gp,restricted,1,0.1269813000890473,2000.0,,
5891,9889,0,tpe,full,1,0.0,2569.5,,
5891,9889,0,tpe,restricted,1,0.011395183797438424,2000.0,,
5527,10101,4,tpe,full,1,0.11110715345800048,74516.5,,
5527,10101,3,gp,full,1,0.11110715345800048,74516.5,0.01653526790838236,
5891,9889,1,tpe,full,1,0.005317017028427129,2569.5,,
5891,9889,1,tpe,restricted,1,0.015954728137168694,2000.0,,
5891,9889,0,gp,full,1,0.0007574726886968586,2569.5,0.02854801466263609,
5527,10101,4,tpe,restricted,1,0.11110715345800048,2000.0,,
5891,9889,2,tpe,full,1,0.004559544339729826,2569.5,,
5891,9889,2,tpe,restricted,1,0.0030372448585621603,2000.0,,
5891,9889,0,gp,restricted,1,0.009115411627573122,2000.0,,
5891,9889,1,gp,full,1,0.030394510896943228,2569.5,0.0010867308153965972,
5891,9889,3,tpe,full,1,0.0015186224292811357,2569.5,,
5891,9889,1,gp,restricted,1,0.030394510896943228,2000.0,,
5891,9889,3,tpe,restricted,1,0.0015186224292811357,2000.0,,
5527,10101,4,gp,restricted,1,0.11110715345800048,2000.0,,
5891,9889,4,tpe,full,1,0.013674955967303393,2569.5,,
5891,9889,4,tpe,restricted,1,0.015954728137168694,2000.0,,
5891,9889,2,gp,full,1,0.0022797721698649687,2569.5,0.026370982250662367,
5891,9889,2,gp,restricted,1,0.0022797721698649687,2000.0,,
5891,3899,0,tpe,full,1,0.08940489667641038,2572.5,,
5891,3899,0,tpe,restricted,1,0.05054660966831703,2000.0,,
5891,9889,3,gp,restricted,1,0.0015186224292811357,2000.0,,
5527,10101,4,gp,full,1,0.11110715345800048,74516.5,0.09311500554965603,
5891,9889,3,gp,full,1,0.0015186224292811357,2569.5,0.02066050383597449,
5891,3899,1,tpe,full,1,0.07934710981193926,2572.5,,
5891,3899,1,tpe,restricted,1,0.03505651960867162,2000.0,,
5891,9889,4,gp,restricted,1,0.0022797721698649687,2000.0,,
5891,3899,2,tpe,full,1,0.037502323302299856,2572.5,,
5891,3899,2,tpe,restricted,1,0.17799030126894522,2000.0,,
5891,9889,4,gp,full,1,0.004559544339729826,2569.5,-0.004038904444203084,
5891,3899,0,gp,full,1,0.02092661744081925,2572.5,0.24184220523227012,
5891,3899,3,tpe,full,1,0.02364276903840612,2572.5,,
5891,3899,3,tpe,restricted,1,0.03206579592112602,2000.0,,
5891,3899,0,gp,restricted,1,0.02065204535086107,2000.0,,
5891,3899,1,gp,full,1,0.0010898399878342957,2572.5,0.057407592087996305,
5891,3899,4,tpe,full,1,0.02228258114661319,2572.5,,
5891,3899,1,gp,restricted,1,0.01603501005356278,2000.0,,
5891,3899,4,tpe,restricted,1,0.02554365273811743,2000.0,,
5891,3899,2,gp,full,1,0.005706875285132473,2572.5,0.021863371634035796,
5891,3899,2,gp,restricted,1,0.005706875285132473,2000.0,,
5891,6566,0,tpe,full,1,0.04300304394325771,2764.5,,
5891,6566,0,tpe,restricted,1,0.0716795750232111,2000.0,,
5891,3899,3,gp,full,1,0.02038169744690188,2572.5,-0.0010262313144827507,
5891,6566,1,tpe,full,1,0.007169132769988318,2764.5,,
5891,6566,1,tpe,restricted,1,0.05734130948323435,2000.0,,
5891,3899,3,gp,restricted,1,0.02038169744690188,2000.0,,
5891,3899,4,gp,restricted,1,0.011143402666306312,2000.0,,
5891,3899,4,gp,full,1,0.02038169744690188,2572.5,0.10365650121689914,
5891,6566,2,tpe,full,1,0.06809500863821694,2764.5,,
5891,6566,2,tpe,restricted,1,0.05734130948323435,2000.0,,
5891,6566,0,gp,restricted,1,0.13978633633810045,2000.0,,
5891,6566,0,gp,full,1,0.13978633633810045,2764.5,0.10019627100423065,
5891,6566,3,tpe,full,1,0.05017217671324603,2764.5,,
5891,6566,3,tpe,restricted,1,0.04300304394325771,2000.0,,
5891,6566,1,gp,full,1,0.09318697333317616,2764.5,0.09966546223133635,
5891,6566,4,tpe,full,1,0.04300304394325771,2764.5,,
5891,6566,4,tpe,restricted,1,0.07884870779319941,2000.0,,
5891,6566,1,gp,restricted,1,0.09318697333317616,2000.0,,
5891,6566,2,gp,full,1,0.089602406948182,2764.5,0.14518936258248524,
5891,6566,2,gp,restricted,1,0.089602406948182,2000.0,,
5891,9980,0,tpe,full,1,0.09091355358106923,2928.5,,
5891,9980,0,tpe,restricted,1,0.09091355358106923,2000.0,,
5891,6566,3,gp,full,1,0.1254480707981238,2764.5,0.07300557655474894,
5891,6566,3,gp,restricted,1,0.1254480707981238,2000.0,,
5891,9980,1,tpe,full,1,0.09091355358106923,2928.5,,
5891,9980,1,tpe,restricted,1,0.09091355358106923,2000.0,,
5891,6566,4,gp,restricted,1,0.07884870779319941,2000.0,,
5891,9980,2,tpe,full,1,0.09091355358106923,2928.5,,
5891,6566,4,gp,full,1,0.07884870779319941,2764.5,0.12818054661023467,
5891,9980,2,tpe,restricted,1,0.09091355358106923,2000.0,,
5891,9980,0,gp,full,1,0.09091355358106923,2928.5,-0.019345986217349197,
5891,9980,0,gp,restricted,1,0.09091355358106923,2000.0,,
5891,9980,3,tpe,full,1,0.09091355358106923,2928.5,,
5891,9980,3,tpe,restricted,1,0.09091355358106923,2000.0,,
5891,9980,1,gp,restricted,1,0.09091355358106923,2000.0,,
5891,9980,4,tpe,full,1,0.09091355358106923,2928.5,,
5891,9980,1,gp,full,1,0.09091355358106923,2928.5,-0.01639888416786553,
5891,9980,4,tpe,restricted,1,0.09091355358106923,2000.0,,
5891,3891,0,tpe,full,1,0.07843206220352605,3068.5,,
5891,3891,0,tpe,restricted,1,0.008113095614942,2000.0,,
5891,9980,2,gp,restricted,1,0.09091355358106923,2000.0,,
5891,9980,2,gp,full,1,0.09091355358106923,2928.5,-0.04597336571915453,
5891,3891,1,tpe,full,1,0.008113095614942,3068.5,,
5891,3891,1,tpe,restricted,1,0.025693489729341934,2000.0,,
5891,9980,3,gp,restricted,1,0.09091355358106923,2000.0,,
5891,3891,2,tpe,full,1,0.004056547807470889,3068.5,,
5891,3891,2,tpe,restricted,1,0.008113095614942,2000.0,,
5891,9980,3,gp,full,1,0.09091355358106923,2928.5,-0.010893109811441032,
5891,9980,4,gp,full,1,0.09091355358106923,2928.5,-0.04415742831187381,
5891,3891,3,tpe,full,1,0.025694595881079585,3068.5,,
5891,9980,4,gp,restricted,1,0.09091355358106923,2000.0,,
5891,3891,3,tpe,restricted,1,0.008113095614942,2000.0,,
5891,3891,0,gp,full,1,0.008113095614942,3068.5,0.051407052994416835,
5891,3891,0,gp,restricted,1,0.008113095614942,2000.0,,
5891,3891,4,tpe,full,1,0.008113095614942,3068.5,,
5891,3891,4,tpe,restricted,1,0.010141369518677501,2000.0,,
5891,3492,0,tpe,full,1,0.0,3302.5,,
5891,3492,0,tpe,restricted,1,0.0,2000.0,,
5891,3891,1,gp,full,1,0.008113095614942,3068.5,0.13599721937437598,
5891,3492,1,tpe,full,1,0.0,3302.5,,
5891,3891,1,gp,restricted,1,0.008113095614942,2000.0,,
5891,3492,1,tpe,restricted,1,0.0,2000.0,,
5891,3891,2,gp,full,1,0.008113095614942,3068.5,-0.1670755664921923,
5891,3492,2,tpe,full,1,0.0,3302.5,,
5891,3891,2,gp,restricted,1,0.008113095614942,2000.0,,
5891,3492,2,tpe,restricted,1,0.02127670361501166,2000.0,,
5891,3891,3,gp,full,1,0.008113095614942,3068.5,-0.008067650812372262,
5891,3891,3,gp,restricted,1,0.008113095614942,2000.0,,
5891,3492,3,tpe,restricted,1,0.0,2000.0,,
5891,3891,4,gp,restricted,1,0.008113095614942,2000.0,,
5891,3492,3,tpe,full,1,0.0,3302.5,,
5891,3891,4,gp,full,1,0.008113095614942,3068.5,0.04835397530867895,
5891,3492,4,tpe,full,1,0.0,3302.5,,
5891,3492,4,tpe,restricted,1,0.0,2000.0,,
5891,3492,0,gp,restricted,1,0.0,2000.0,,
5891,3492,0,gp,full,1,0.0,3302.5,-0.025273069878728394,
5891,3492,1,gp,restricted,1,0.0,2000.0,,
5891,3492,1,gp,full,1,0.0,3302.5,0.04310229511896589,
5891,3492,2,gp,full,1,0.0,3302.5,-0.08291119066659842,
5891,3492,2,gp,restricted,1,0.0,2000.0,,
5636,146064,0,tpe,restricted,1,0.2679988435192596,2000.0,,
5891,3492,3,gp,full,1,0.0,3302.5,-0.03287985359035568,
5891,3492,3,gp,restricted,1,0.0,2000.0,,
5636,146064,0,tpe,full,1,0.2519993772796014,43826.5,,
5891,3492,4,gp,restricted,1,0.0,2000.0,,
5891,3492,4,gp,full,1,0.0,3302.5,-0.043180472216234195,
5636,146064,1,tpe,full,1,0.2519993772796014,43826.5,,
5636,146064,1,tpe,restricted,1,0.4120007116804554,2000.0,,
5636,146064,2,tpe,full,1,0.24399964415977204,43826.5,,
5636,146064,2,tpe,restricted,1,0.24399964415977204,2000.0,,
5636,146064,0,gp,restricted,1,0.09999999999999998,2000.0,,
5636,146064,1,gp,restricted,1,0.2519993772796014,2000.0,,
5636,146064,0,gp,full,1,0.0,43826.5,-0.02882563210281272,
5636,146064,3,tpe,restricted,1,0.30000000000000004,2000.0,,
5636,146064,3,tpe,full,1,0.28799928831954447,43826.5,,
5636,146064,2,gp,restricted,1,0.0,2000.0,,
5636,146064,1,gp,full,1,0.2519993772796014,43826.5,-0.09745088650326816,
5636,146064,4,tpe,full,1,0.2519993772796014,43826.5,,
5636,146064,2,gp,full,1,0.0,43826.5,-0.02860195285501992,
5636,146064,4,tpe,restricted,1,0.3560003558402277,2000.0,,
5636,146064,3,gp,restricted,1,0.09999999999999998,2000.0,,
5636,145804,0,tpe,full,1,0.6631200252749155,46481.5,,
5636,145804,0,tpe,restricted,1,0.836878276142042,2000.0,,
5636,146064,3,gp,full,1,0.10799973311982913,43826.5,-0.0699115710742247,
5636,145804,1,tpe,full,1,0.14893515829095372,46481.5,,
5636,146064,4,gp,restricted,1,0.10799973311982913,2000.0,,
5636,145804,1,tpe,restricted,1,0.836878276142042,2000.0,,
5636,146064,4,gp,full,1,0.09999999999999998,43826.5,-0.1047844587562595,
5636,145804,0,gp,restricted,1,0.053189429378012965,2000.0,,
5636,145804,2,tpe,full,1,0.6453902154822446,46481.5,,
5636,145804,2,tpe,restricted,1,0.6702133080584174,2000.0,,
5636,145804,3,tpe,full,1,0.5106382255922111,46481.5,,
5636,145804,0,gp,full,1,0.007089885617417746,46481.5,-0.1219212978826911,
5636,145804,1,gp,restricted,1,0.056736070769763725,2000.0,,
5636,145804,3,tpe,restricted,1,0.6028373131134006,2000.0,,
5636,145804,1,gp,full,1,0.0,46481.5,-0.11021788917753725,
5636,145804,2,gp,restricted,1,0.01063652700916895,2000.0,,
5636,145804,4,tpe,full,1,0.836878276142042,46481.5,,
5636,145804,4,tpe,restricted,1,0.6737599494501686,2000.0,,
5636,145804,2,gp,full,1,0.07446588056243497,46481.5,-0.10915008945619649,
5636,145804,3,gp,restricted,1,0.0,2000.0,,
5636,9914,0,tpe,full,1,0.36665949782246476,49653.5,,
5636,9914,0,tpe,restricted,1,0.3111188773589988,2000.0,,
5636,145804,3,gp,full,1,0.06382935355326602,46481.5,-0.13719916779117533,
5636,145804,4,gp,restricted,1,0.056736070769763725,2000.0,,
5636,9914,1,tpe,restricted,1,0.2555513737297703,2000.0,,
5636,9914,1,tpe,full,1,0.36665949782246476,49653.5,,
5636,9914,0,gp,restricted,1,0.061105435776119044,2000.0,,
5636,145804,4,gp,full,1,0.07446588056243497,46481.5,-0.0788308446436253,
5636,9914,2,tpe,restricted,1,0.21111350072584512,2000.0,,
5636,9914,0,gp,full,1,0.07223506640142219,49653.5,-0.15600905835702927,
5636,9914,2,tpe,full,1,0.3055540620463487,49653.5,,
5636,9914,1,gp,restricted,1,0.03333512554438456,2000.0,,
5636,9914,3,tpe,restricted,1,0.3611215656755741,2000.0,,
5636,9914,3,tpe,full,1,0.36665949782246476,49653.5,,
5636,9914,1,gp,full,1,0.061105435776119044,49653.5,-0.1402273108109649,
5636,9914,4,tpe,restricted,1,0.36665949782246476,2000.0,,
5636,9914,2,gp,restricted,1,0.1666756277219228,2000.0,,
5636,9914,4,tpe,full,1,0.0944405613205036,49653.5,,
5636,9914,2,gp,full,1,0.03333512554438456,49653.5,-0.11169073083296892,
5636,9914,3,gp,full,1,0.061105435776119044,49653.5,-0.11385013130335982,
5636,9914,3,gp,restricted,1,0.061105435776119044,2000.0,,
5636,146065,0,tpe,full,1,0.8450692700544568,50494.5,,
5636,146065,0,tpe,restricted,1,0.8450692700544568,2000.0,,
5636,9914,4,gp,restricted,1,0.06667025108876912,2000.0,,
5636,146065,1,tpe,restricted,1,0.8450692700544568,2000.0,,
5636,146065,1,tpe,full,1,0.8450692700544568,50494.5,,
5636,9914,4,gp,full,1,0.03889994085703763,49653.5,-0.07587272529624169,
5636,146065,0,gp,restricted,1,0.5070426906689991,2000.0,,
5636,146065,2,tpe,full,1,0.7887305662932763,50494.5,,
5636,146065,2,tpe,restricted,1,0.7887305662932763,2000.0,,
5636,146065,1,gp,restricted,1,0.07981151773369832,2000.0,,
5636,146065,0,gp,full,1,0.1314550943822127,50494.5,-0.01908531048749681,
5636,146065,3,tpe,full,1,0.5915493355153636,50494.5,,
5636,146065,3,tpe,restricted,1,0.713614175672244,2000.0,,
5636,146065,1,gp,full,1,0.1314550943822127,50494.5,-0.019091031305027782,
5636,146065,2,gp,restricted,1,0.0,2000.0,,
5636,146065,4,tpe,full,1,0.8450692700544568,50494.5,,
5636,146065,2,gp,full,1,0.023475635563330544,50494.5,-0.04633911779583445,
5636,146065,4,tpe,restricted,1,0.75117237098276,2000.0,,
5636,146065,3,gp,restricted,1,0.01878050845066448,2000.0,,
5636,146065,3,gp,full,1,0.0,50494.5,-0.02961988734202311,
5636,10101,0,tpe,full,1,0.11627178791357762,69143.5,,
5636,146065,4,gp,restricted,1,0.31924889252560607,2000.0,,
5636,10101,0,tpe,restricted,1,0.6279094040288062,2000.0,,
5636,146065,4,gp,full,1,0.1314550943822127,50494.5,-0.019108142442687617,
5636,10101,1,tpe,full,1,0.5348780572661176,69143.5,,
5636,10101,1,tpe,restricted,1,0.11627178791357762,2000.0,,
5636,10101,0,gp,restricted,1,0.023257836690671163,2000.0,,
5636,10101,0,gp,full,1,0.186045297985595,69143.5,-0.02185122937132894,
5636,10101,2,tpe,full,1,0.44186410604320925,69143.5,,
5636,10101,1,gp,restricted,1,0.0697561145322333,2000.0,,
5636,10101,2,tpe,restricted,1,0.6279094040288062,2000.0,,
5636,10101,2,gp,restricted,1,0.11627178791357762,2000.0,,
5636,10101,1,gp,full,1,0.0697561145322333,69143.5,-0.04590604552218284,
5636,10101,3,tpe,full,1,0.11627178791357762,69143.5,,
5636,10101,3,tpe,restricted,1,0.27905924920850333,2000.0,,
5636,10101,2,gp,full,1,0.0697561145322333,69143.5,-0.045906020498531194,
5636,10101,4,tpe,restricted,1,0.3023170858991745,2000.0,,
5636,10101,4,tpe,full,1,0.3023170858991745,69143.5,,
5636,10101,3,gp,restricted,1,0.11627178791357762,2000.0,,
5636,10101,3,gp,full,1,0.0697561145322333,69143.5,-0.045906096861422364,
5636,31,0,tpe,restricted,1,0.27586206896551724,2000.0,,
5636,31,0,tpe,full,1,0.7413793103448276,79614.5,,
5636,10101,4,gp,restricted,1,0.11627178791357762,2000.0,,
5636,10101,4,gp,full,1,0.11627178791357762,69143.5,-0.051642655419098474,
5636,31,1,tpe,full,1,0.5,79614.5,,
5636,31,1,tpe,restricted,1,0.2068965517241379,2000.0,,
5636,31,0,gp,restricted,1,0.2068965517241379,2000.0,,
5636,31,0,gp,full,1,0.08620689655172409,79614.5,-0.12065354513907636,
5636,31,2,tpe,full,1,0.31034482758620685,79614.5,,
5636,31,2,tpe,restricted,1,0.9310344827586207,2000.0,,
5636,31,1,gp,restricted,1,0.06896551724137934,2000.0,,
5636,31,2,gp,restricted,1,0.22413793103448276,2000.0,,
5636,31,3,tpe,restricted,1,0.9310344827586207,2000.0,,
5636,31,1,gp,full,1,0.13793103448275867,79614.5,-0.034879778202450425,
5859,9983,0,tpe,full,1,0.47585641878512586,2863.5,,
5636,31,3,tpe,full,1,0.9310344827586207,79614.5,,
5859,9983,0,tpe,restricted,1,0.9864200419680336,2000.0,,
5859,9983,1,tpe,full,1,0.09683129181799588,2863.5,,
5859,9983,1,tpe,restricted,1,0.5503005841884873,2000.0,,
5859,9983,0,gp,restricted,1,0.0958253404964362,2000.0,,
5859,9983,0,gp,full,1,0.0958253404964362,2863.5,-0.17381709953780083,
5859,9983,2,tpe,full,1,0.18838039729581701,2863.5,,
5859,9983,2,tpe,restricted,1,0.6488913489172261,2000.0,,
5636,31,2,gp,full,1,0.08620689655172409,79614.5,-0.1206534881312229,
5636,31,4,tpe,full,1,0.4137931034482759,79614.5,,
5636,31,4,tpe,restricted,1,0.4137931034482759,2000.0,,
5859,9983,3,tpe,full,1,0.3367714038536783,2863.5,,
5859,9983,3,tpe,restricted,1,0.5714293295491859,2000.0,,
5636,31,3,gp,restricted,1,0.13793103448275867,2000.0,,
5859,9983,1,gp,full,1,0.09683129181799588,2863.5,-0.16651574036155797,
5859,9983,4,tpe,full,1,0.5503005841884873,2863.5,,
5859,9983,4,tpe,restricted,1,0.5503005841884873,2000.0,,
5636,31,3,gp,full,1,0.08620689655172409,79614.5,-0.12065351059139022,
5859,31,0,tpe,full,1,0.8727272727272728,3005.5,,
5859,31,0,tpe,restricted,1,0.9272727272727272,2000.0,,
5859,9983,1,gp,restricted,1,0.09683129181799588,2000.0,,
5859,9983,2,gp,full,1,0.0958253404964362,2863.5,-0.1737258741373209,
5859,31,1,tpe,full,1,0.21818181818181814,3005.5,,
5859,31,1,tpe,restricted,1,0.38181818181818183,2000.0,,
5859,9983,2,gp,restricted,1,0.0,2000.0,,
5859,9983,3,gp,restricted,1,0.0,2000.0,,
5859,9983,3,gp,full,1,0.0,2863.5,-0.13726065716721517,
5859,31,2,tpe,full,1,0.9272727272727272,3005.5,,
5636,31,4,gp,restricted,1,0.15517241379310343,2000.0,,
5859,31,2,tpe,restricted,1,0.34545454545454546,2000.0,,
5859,31,3,tpe,full,1,0.23636363636363633,3005.5,,
5859,9983,4,gp,full,1,0.0,2863.5,-0.15596647030014815,
5859,9983,4,gp,restricted,1,0.0,2000.0,,
5859,31,3,tpe,restricted,1,0.5272727272727273,2000.0,,
5859,31,4,tpe,full,1,0.9272727272727272,3005.5,,
5859,31,4,tpe,restricted,1,0.4545454545454546,2000.0,,
5859,31,0,gp,full,1,0.18181818181818177,3005.5,-0.11440222939103176,
5636,31,4,gp,full,1,0.1724137931034483,79614.5,-0.05575612658764608,
5859,31,0,gp,restricted,1,0.19999999999999996,2000.0,,
5859,37,0,tpe,full,1,0.07865556370539739,3239.5,,
5859,37,0,tpe,restricted,1,0.17977305086939632,2000.0,,
5859,31,1,gp,restricted,1,0.19999999999999996,2000.0,,
5859,31,1,gp,full,1,0.18181818181818177,3005.5,-0.1159838084304888,
5859,37,1,tpe,full,1,0.41573111274107966,3239.5,,
5859,37,1,tpe,restricted,1,0.12359666911161904,2000.0,,
5859,31,2,gp,full,1,0.18181818181818177,3005.5,-0.11415859127012562,
5859,31,2,gp,restricted,1,0.19999999999999996,2000.0,,
5859,37,2,tpe,full,1,0.19100832722095196,3239.5,,
5859,31,3,gp,full,1,0.18181818181818177,3005.5,-0.11428859182071294,
5859,37,2,tpe,restricted,1,0.0337058290546669,2000.0,,
5859,31,3,gp,restricted,1,0.18181818181818177,2000.0,,
5859,37,3,tpe,full,1,0.1460672218147303,3239.5,,
5859,37,3,tpe,restricted,1,0.1460672218147303,2000.0,,
5859,31,4,gp,full,1,0.18181818181818177,3005.5,-0.11591795250840338,
5859,31,4,gp,restricted,1,0.19999999999999996,2000.0,,
5859,37,4,tpe,full,1,0.07865556370539739,3239.5,,
5859,37,4,tpe,restricted,1,0.07865556370539739,2000.0,,
5859,37,0,gp,full,1,0.08989084005695314,3239.5,-0.1651536419096308,
5859,37,0,gp,restricted,1,0.0337058290546669,2000.0,,
5859,3902,0,tpe,full,1,0.2777530274188986,3382.5,,
5859,3902,0,tpe,restricted,1,0.6388967640030769,2000.0,,
5859,37,1,gp,restricted,1,0.0337058290546669,2000.0,,
5859,37,1,gp,full,1,0.0337058290546669,3239.5,-0.1260558625683496,
5859,3902,1,tpe,restricted,1,0.19444331942813375,2000.0,,
5859,3902,1,tpe,full,1,0.19444331942813375,3382.5,,
5859,37,2,gp,full,1,0.08989084005695314,3239.5,-0.16528612523103842,
5859,3902,2,tpe,full,1,0.1388765137094493,3382.5,,
5859,37,2,gp,restricted,1,0.0337058290546669,2000.0,,
5859,37,3,gp,full,1,0.08989084005695314,3239.5,-0.16546661927261946,
5859,3902,2,tpe,restricted,1,0.2777530274188986,2000.0,,
5859,3902,3,tpe,full,1,0.2777530274188986,3382.5,,
5859,3902,3,tpe,restricted,1,1.0,2000.0,,
5859,37,3,gp,restricted,1,0.1460672218147303,2000.0,,
5859,37,4,gp,full,1,0.02247055270311127,3239.5,-0.05824404278071915,
5859,37,4,gp,restricted,1,0.0337058290546669,2000.0,,
5859,3902,4,tpe,full,1,1.0,3382.5,,
5859,3902,4,tpe,restricted,1,0.6388967640030769,2000.0,,
5859,3902,0,gp,full,1,0.05552630513142487,3382.5,-0.14903385677977074,
5859,3902,0,gp,restricted,1,0.2777530274188986,2000.0,,
5859,9977,0,tpe,full,1,0.082493623782247,3449.5,,
5859,9977,0,tpe,restricted,1,0.2278295772881216,2000.0,,
5859,3902,1,gp,full,1,0.05552630513142487,3382.5,-0.10031071256535828,
5859,3902,1,gp,restricted,1,0.05552630513142487,2000.0,,
5859,9977,1,tpe,full,1,0.07266797675293746,3449.5,,
5859,9977,1,tpe,restricted,1,0.19592340176443523,2000.0,,
5859,3902,2,gp,full,1,0.05552630513142487,3382.5,-0.1103734468514315,
5859,3902,2,gp,restricted,1,0.05552630513142487,2000.0,,
5859,9977,2,tpe,full,1,0.2278295772881216,3449.5,,
5859,9977,2,tpe,restricted,1,0.16680603754651513,2000.0,,
5859,3902,3,gp,full,1,0.05552630513142487,3382.5,-0.1003005410732575,
5859,3902,3,gp,restricted,1,0.25001012514681376,2000.0,,
5859,9977,3,tpe,full,1,0.2278295772881216,3449.5,,
5859,9977,3,tpe,restricted,1,0.2278295772881216,2000.0,,
5859,3902,4,gp,full,1,0.05552630513142487,3382.5,-0.09313362711467536,
5859,3902,4,gp,restricted,1,0.19444331942813375,2000.0,,
5859,9977,4,tpe,full,1,0.2278295772881216,3449.5,,
5859,9977,4,tpe,restricted,1,0.2278295772881216,2000.0,,
5859,9977,0,gp,full,1,0.024263076472801792,3449.5,-0.12345197041662859,
5859,9977,0,gp,restricted,1,0.03348246017477119,2000.0,,
5859,125923,0,tpe,restricted,1,0.032709011049296466,2000.0,,
5859,9977,1,gp,full,1,0.0,3449.5,-0.07618061275572344,
5859,125923,0,tpe,full,1,0.032709011049296466,5032.5,,
5859,9977,1,gp,restricted,1,0.0,2000.0,,
5859,125923,1,tpe,full,1,0.032709011049296466,5032.5,,
5859,125923,1,tpe,restricted,1,0.032709011049296466,2000.0,,
5859,9977,2,gp,restricted,1,0.0,2000.0,,
5859,9977,3,gp,restricted,1,0.03348246017477119,2000.0,,
5859,9977,2,gp,full,1,0.0,3449.5,-0.25634029206881476,
5859,9977,3,gp,full,1,0.0,3449.5,-0.11742189161275592,
5859,125923,2,tpe,full,1,0.032709011049296466,5032.5,,
5859,125923,2,tpe,restricted,1,0.032709011049296466,2000.0,,
5859,9977,4,gp,full,1,0.0,3449.5,-0.09962988296996571,
5859,9977,4,gp,restricted,1,0.0,2000.0,,
5859,125923,3,tpe,restricted,1,0.0,2000.0,,
5859,125923,3,tpe,full,1,0.032709011049296466,5032.5,,
5859,125923,4,tpe,restricted,1,0.032709011049296466,2000.0,,
5859,125923,4,tpe,full,1,0.032709011049296466,5032.5,,
5859,125923,0,gp,restricted,1,0.028035273823534212,2000.0,,
5889,9971,0,tpe,full,1,0.13952763165030546,283.5,,
5889,9971,0,tpe,restricted,1,0.13952763165030546,283.5,,
5859,125923,0,gp,full,1,0.018690322735905984,5032.5,-0.12828026915864282,
5859,125923,1,gp,restricted,1,0.01401602476261099,2000.0,,
5889,9971,1,tpe,full,1,0.16279353544118425,283.5,,
5889,9971,1,tpe,restricted,1,0.13952763165030546,283.5,,
5859,125923,1,gp,full,1,0.0,5032.5,-0.09087219561344011,
5859,125923,2,gp,restricted,1,0.01401602476261099,2000.0,,
5889,9971,2,tpe,full,1,0.16279353544118425,283.5,,
5889,9971,2,tpe,restricted,1,0.13952763165030546,283.5,,
5859,125923,2,gp,full,1,0.01401602476261099,5032.5,-0.14205312270350598,
5859,125923,3,gp,full,1,0.028035273823534212,5032.5,-0.05972811119681558,
5889,9971,3,tpe,full,1,0.16279353544118425,283.5,,
5889,9971,3,tpe,restricted,1,0.11627528607842108,283.5,,
5859,125923,3,gp,restricted,1,0.0,2000.0,,
5889,9971,0,gp,restricted,1,0.13952763165030546,283.5,,
5889,9971,4,tpe,full,1,0.13952763165030546,283.5,,
5889,9971,4,tpe,restricted,1,0.16279353544118425,283.5,,
5889,9971,0,gp,full,1,0.13952763165030546,283.5,0.017324537300320103,
5889,9971,1,gp,restricted,1,0.0,283.5,,
5889,3918,0,tpe,full,1,0.06661737523104838,285.5,,
5889,3918,0,tpe,restricted,1,0.06661737523104838,285.5,,
5859,125923,4,gp,restricted,1,0.032710506376049775,2000.0,,
5859,125923,4,gp,full,1,0.032709011049296466,5032.5,0.018763321430743586,
5889,3918,1,tpe,full,1,0.1333086876155266,285.5,,
5889,3918,1,tpe,restricted,1,0.1333086876155266,285.5,,
5889,9971,1,gp,full,1,0.0,283.5,-0.07229969556693391,
5889,9971,2,gp,restricted,1,0.0,283.5,,
5889,3918,2,tpe,full,1,0.06661737523104838,285.5,,
5889,3918,2,tpe,restricted,1,0.1333086876155266,285.5,,
5889,9971,2,gp,full,1,0.0,283.5,0.01804895535945934,
5889,9971,3,gp,full,1,0.0,283.5,0.06474850716179166,
5889,3918,3,tpe,full,1,0.1333086876155266,285.5,,
5889,3918,3,tpe,restricted,1,0.1333086876155266,285.5,,
5889,9971,4,gp,full,1,0.0,283.5,-0.04111900575663604,
5889,9971,4,gp,restricted,1,0.0,283.5,,
5889,3918,4,tpe,full,1,0.06661737523104838,285.5,,
5889,3918,4,tpe,restricted,1,0.06661737523104838,285.5,,
5889,9971,3,gp,restricted,1,0.0,283.5,,
5889,3918,0,gp,restricted,1,0.06661737523104838,285.5,,
5889,3918,1,gp,restricted,1,0.06661737523104838,285.5,,
5889,3918,0,gp,full,1,0.06661737523104838,285.5,0.10976908533816068,
5889,3918,1,gp,full,1,0.06661737523104838,285.5,0.13276046507507266,
5889,3918,2,gp,full,1,0.0,285.5,0.11777536409561691,
5889,3918,2,gp,restricted,1,0.0,285.5,,
5889,3918,3,gp,restricted,1,0.0,285.5,,
5889,3918,3,gp,full,1,0.0,285.5,0.1282759784559153,
5889,3918,4,gp,restricted,1,0.1333086876155266,285.5,,
5889,3918,4,gp,full,1,0.1333086876155266,285.5,0.1095385981814796,
4796,3549,0,gp,full,1,0.0,285.5,0.034767183411415145,
4796,3549,0,gp,restricted,1,0.0,285.5,,
4796,3549,1,gp,restricted,1,0.0,285.5,,
4796,3549,0,tpe,full,1,0.0,285.5,,
4796,3549,1,gp,full,1,0.0,285.5,0.07904111359863632,
4796,3549,2,gp,full,1,0.0,285.5,0.0865269957557006,
4796,3549,0,tpe,restricted,1,0.0,285.5,,
4796,3549,2,gp,restricted,1,0.0,285.5,,
4796,3549,1,tpe,full,1,0.0,285.5,,
4796,3549,3,gp,full,1,0.0,285.5,0.0457949562390867,
4796,3549,3,gp,restricted,1,0.0,285.5,,
4796,3549,2,tpe,full,1,0.0,285.5,,
4796,3549,1,tpe,restricted,1,0.0347810824844047,285.5,,
4796,3549,2,tpe,restricted,1,0.0347810824844047,285.5,,
4796,3549,3,tpe,restricted,1,0.0,285.5,,
4796,3549,4,gp,full,1,0.0,285.5,0.028505419597478886,
4796,3549,4,gp,restricted,1,0.0,285.5,,
4796,3549,4,tpe,full,1,0.0,285.5,,
4796,3549,3,tpe,full,1,0.0,285.5,,
4796,3918,0,gp,full,1,0.17242829827916228,285.5,-0.05882258406319833,
4796,3918,0,gp,restricted,1,0.17242829827916228,285.5,,
4796,3549,4,tpe,restricted,1,0.0,285.5,,
4796,3918,1,gp,full,1,0.17242829827916228,285.5,-0.015334606290898084,
4796,3918,1,gp,restricted,1,0.17242829827916228,285.5,,
4796,3918,2,gp,full,1,0.17242829827916228,285.5,-0.000989592335030215,
4796,3918,0,tpe,restricted,1,0.17242829827916228,285.5,,
4796,3918,2,gp,restricted,1,0.17242829827916228,285.5,,
4796,3918,3,gp,full,1,0.17242829827916228,285.5,-0.04845568300529287,
4796,3918,0,tpe,full,1,0.17242829827916228,285.5,,
4796,3918,3,gp,restricted,1,0.17242829827916228,285.5,,
4796,3918,1,tpe,full,1,0.17242829827916228,285.5,,
4796,3918,1,tpe,restricted,1,0.17242829827916228,285.5,,
4796,3918,2,tpe,full,1,0.17242829827916228,285.5,,
4796,3918,2,tpe,restricted,1,0.17242829827916228,285.5,,
4796,3918,4,gp,full,1,0.17242829827916228,285.5,-0.0036519166273654537,
4796,3918,4,gp,restricted,1,0.17242829827916228,285.5,,
4796,3918,4,tpe,full,1,0.17242829827916228,285.5,,
4796,9903,0,gp,full,1,0.0,285.5,0.046113679980681874,
4796,3918,3,tpe,full,1,0.17242829827916228,285.5,,
4796,3918,3,tpe,restricted,1,0.17242829827916228,285.5,,
4796,9903,0,gp,restricted,1,0.0,285.5,,
4796,9903,1,gp,full,1,0.0,285.5,0.1686821548072003,
4796,9903,1,gp,restricted,1,0.0,285.5,,
4796,9903,2,gp,full,1,0.04225352112676062,285.5,-0.015722884186876996,
4796,3918,4,tpe,restricted,1,0.17242829827916228,285.5,,
4796,9903,0,tpe,restricted,1,0.11267605633802824,285.5,,
4796,9903,0,tpe,full,1,0.09859154929577474,285.5,,
4796,9903,2,gp,restricted,1,0.04225352112676062,285.5,,
4796,9903,1,tpe,restricted,1,0.04225352112676062,285.5,,
4796,9903,3,gp,full,1,0.05633802816901412,285.5,0.06723909067946786,
4796,9903,3,gp,restricted,1,0.05633802816901412,285.5,,
4796,9903,1,tpe,full,1,0.04225352112676062,285.5,,
4796,9903,2,tpe,full,1,0.22535211267605648,285.5,,
4796,9903,2,tpe,restricted,1,0.11267605633802824,285.5,,
4796,9903,4,gp,full,1,0.07042253521126762,285.5,0.09215244698343347,
4796,9903,4,gp,restricted,1,0.07042253521126762,285.5,,
4796,9903,3,tpe,full,1,0.22535211267605648,285.5,,
4796,23,0,gp,full,1,0.010198330089207563,285.5,0.031027017702539173,
4796,9903,3,tpe,restricted,1,0.11267605633802824,285.5,,
4796,9903,4,tpe,restricted,1,0.22535211267605648,285.5,,
4796,23,0,gp,restricted,1,0.010198330089207563,285.5,,
4796,9903,4,tpe,full,1,0.12676056338028174,285.5,,
4796,23,1,gp,full,1,0.08163173281427338,285.5,0.014002680613421765,
4796,23,0,tpe,restricted,1,0.08163173281427338,285.5,,
4796,23,1,gp,restricted,1,0.08163173281427338,285.5,,
4796,23,0,tpe,full,1,0.03061002096782761,285.5,,
4796,23,2,gp,full,1,0.03061002096782761,285.5,0.12181349640187629,
4796,23,2,gp,restricted,1,0.03061002096782761,285.5,,
4796,23,1,tpe,full,1,0.010198330089207563,285.5,,
4796,23,3,gp,full,1,0.020404175528517143,285.5,0.014657600644663477,
4796,23,3,gp,restricted,1,0.020404175528517143,285.5,,
4796,23,1,tpe,restricted,1,0.010198330089207563,285.5,,
4796,23,2,tpe,restricted,1,0.010198330089207563,285.5,,
4796,23,2,tpe,full,1,0.010198330089207563,285.5,,
4796,23,4,gp,full,1,0.035712943687482346,285.5,0.09291637132845205,
4796,23,4,gp,restricted,1,0.035712943687482346,285.5,,
4796,23,4,tpe,full,1,0.0,285.5,,
4796,23,3,tpe,restricted,1,0.04081586640713708,285.5,,
4796,23,3,tpe,full,1,0.010198330089207563,285.5,,
6766,3903,0,gp,restricted,1,0.2856983364965926,2000.0,,
4796,23,4,tpe,restricted,1,0.010198330089207563,285.5,,
6766,3903,0,gp,full,1,0.2142458412414877,39140.5,0.023094262174099284,
6766,3903,1,tpe,full,1,0.2142458412414877,39140.5,,
6766,3903,0,tpe,restricted,1,0.2856983364965926,2000.0,,
6766,3903,0,tpe,full,1,0.2856983364965926,39140.5,,
6766,3903,1,tpe,restricted,1,0.2142458412414877,2000.0,,
6766,3903,1,gp,restricted,1,0.2142458412414877,2000.0,,
6766,3903,1,gp,full,1,0.2142458412414877,39140.5,0.014281116341994426,
6766,3903,2,gp,restricted,1,0.2856983364965926,2000.0,,
6766,3903,2,gp,full,1,0.0,39140.5,-0.029315589341374737,
6766,3903,2,tpe,full,1,0.2856983364965926,39140.5,,
6766,3903,2,tpe,restricted,1,0.2856983364965926,2000.0,,
6766,3903,3,gp,restricted,1,0.2856983364965926,2000.0,,
6766,3903,3,gp,full,1,0.2856983364965926,39140.5,-0.026234284653608532,
6766,3903,4,tpe,restricted,1,0.07145249525510489,2000.0,,
6766,3903,4,gp,restricted,1,0.2856983364965926,2000.0,,
6766,3903,4,gp,full,1,0.2856983364965926,39140.5,1.6653345369377347e-17,
6766,3903,4,tpe,full,1,0.2856983364965926,39140.5,,
6766,3903,3,tpe,restricted,1,0.2856983364965926,2000.0,,
6766,146064,1,tpe,full,1,0.007140644484864733,43770.5,,
6766,3903,3,tpe,full,1,0.2856983364965926,39140.5,,
6766,146064,0,gp,restricted,1,0.007140644484864733,2000.0,,
6766,146064,0,gp,full,1,0.007140644484864733,43770.5,0.4554189878021916,
6766,146064,2,tpe,full,1,0.007140644484864733,43770.5,,
6766,146064,0,tpe,restricted,1,0.007140644484864733,2000.0,,
6766,146064,1,gp,restricted,1,0.007140644484864733,2000.0,,
6766,146064,1,gp,full,1,0.007140644484864733,43770.5,0.2516607606558474,
6766,146064,0,tpe,full,1,0.007140644484864733,43770.5,,
6766,146064,2,tpe,restricted,1,0.007140644484864733,2000.0,,
6766,146064,1,tpe,restricted,1,0.007140644484864733,2000.0,,
6766,146064,2,gp,full,1,0.007140644484864733,43770.5,0.14725730278890564,
6766,146064,2,gp,restricted,1,0.007140644484864733,2000.0,,
6766,146064,3,tpe,restricted,1,0.007140644484864733,2000.0,,
6766,146064,3,gp,restricted,1,0.007140644484864733,2000.0,,
6766,146064,3,gp,full,1,0.007140644484864733,43770.5,0.21646164020649242,
6766,146064,3,tpe,full,1,0.007140644484864733,43770.5,,
6766,146064,4,gp,restricted,1,0.007140644484864733,2000.0,,
6766,146064,4,gp,full,1,0.007140644484864733,43770.5,0.2678868101279104,
6766,146064,4,tpe,restricted,1,0.007140644484864733,2000.0,,
6766,145953,0,gp,restricted,1,0.003490603936972758,2000.0,,
6766,146064,4,tpe,full,1,0.007140644484864733,43770.5,,
6766,145953,0,gp,full,1,0.0013949024684193345,47424.5,0.4082415884202564,
6766,145953,0,tpe,restricted,1,0.07122929964736868,2000.0,,
6766,145953,1,gp,restricted,1,0.0006985671561844375,2000.0,,
6766,145953,2,tpe,full,1,0.011871177967236468,47424.5,,
6766,145953,0,tpe,full,1,0.07122929964736868,47424.5,,
6766,145953,1,gp,full,1,0.0006985671561844375,47424.5,0.29989705821897183,
6766,145953,1,tpe,restricted,1,0.005586305405526071,2000.0,,
6766,145953,2,gp,restricted,1,0.003490603936972758,2000.0,,
6766,145953,1,tpe,full,1,0.004189171093157196,47424.5,,
6766,145953,2,gp,full,1,0.004189171093157196,47424.5,0.36385752180602104,
6766,145953,2,tpe,restricted,1,0.07122929964736868,2000.0,,
6766,145953,3,gp,restricted,1,0.005586305405526071,2000.0,,
6766,145953,3,gp,full,1,0.0,47424.5,0.3142671395721931,
6766,145953,3,tpe,restricted,1,0.07122929964736868,2000.0,,
6766,145953,4,gp,restricted,1,0.006983439717895057,2000.0,,
6766,145953,3,tpe,full,1,0.07122929964736868,47424.5,,
6766,145953,4,tpe,restricted,1,0.04888184618131497,2000.0,,
6766,145953,4,gp,full,1,0.0,47424.5,0.30751071188228113,
6766,145953,4,tpe,full,1,0.04888184618131497,47424.5,,
6766,145804,0,gp,restricted,1,0.0,2000.0,,
6766,145804,1,tpe,restricted,1,0.0,2000.0,,
6766,145804,0,gp,full,1,0.0,52722.5,0.05276211626669378,
6766,145804,2,tpe,full,1,0.0,52722.5,,
6766,145804,0,tpe,restricted,1,0.6937490644552886,2000.0,,
6766,145804,2,tpe,restricted,1,0.0,2000.0,,
6766,145804,1,gp,restricted,1,0.0,2000.0,,
6766,145804,0,tpe,full,1,0.16562584199024044,52722.5,,
6766,145804,1,gp,full,1,0.0,52722.5,0.11289611516015814,
6766,145804,1,tpe,full,1,0.0,52722.5,,
6766,145804,3,tpe,restricted,1,0.0,2000.0,,
6766,145804,2,gp,restricted,1,0.0,2000.0,,
6766,145804,2,gp,full,1,0.0,52722.5,0.1840820867333084,
6766,145804,3,gp,restricted,1,0.0,2000.0,,
6766,145804,3,gp,full,1,0.0,52722.5,0.10294189133148986,
6766,31,0,tpe,full,1,0.09230769230769231,60706.5,,
6766,31,0,tpe,restricted,1,0.09230769230769231,2000.0,,
6766,145804,4,gp,restricted,1,0.0,2000.0,,
6766,145804,4,gp,full,1,0.0,52722.5,0.12370425014842028,
6766,145804,3,tpe,full,1,0.0,52722.5,,
6766,31,1,tpe,restricted,1,0.07692307692307687,2000.0,,
6766,31,1,tpe,full,1,0.07692307692307687,60706.5,,
6766,145804,4,tpe,restricted,1,0.0,2000.0,,
6766,31,0,gp,restricted,1,0.03076923076923077,2000.0,,
6766,31,0,gp,full,1,0.03076923076923077,60706.5,0.021710424576759757,
6766,145804,4,tpe,full,1,0.0,52722.5,,
6766,31,1,gp,restricted,1,1.0,2000.0,,
6766,31,1,gp,full,1,1.0,60706.5,0.0,
6766,31,2,gp,restricted,1,0.07692307692307687,2000.0,,
6766,31,4,tpe,full,1,0.06153846153846154,60706.5,,
6766,31,2,gp,full,1,0.07692307692307687,60706.5,0.14781509150382482,
6766,31,4,tpe,restricted,1,0.07692307692307687,2000.0,,
6766,31,3,gp,restricted,1,0.03076923076923077,2000.0,,
6766,31,2,tpe,restricted,1,0.07692307692307687,2000.0,,
6766,31,3,gp,full,1,0.10769230769230764,60706.5,0.36487055198558027,
6766,31,2,tpe,full,1,0.07692307692307687,60706.5,,
6766,31,3,tpe,restricted,1,0.03076923076923077,2000.0,,
6766,10101,0,tpe,full,1,0.09091527267782085,66262.5,,
6766,10101,0,tpe,restricted,1,0.2727458180334549,2000.0,,
6766,31,3,tpe,full,1,0.12307692307692308,60706.5,,
6766,10101,1,tpe,full,1,0.09091527267782085,66262.5,,
6766,31,4,gp,restricted,1,0.07692307692307687,2000.0,,
6766,31,4,gp,full,1,0.15384615384615385,60706.5,0.07131558833162391,
6766,10101,0,gp,restricted,1,0.09091527267782085,2000.0,,
6766,10101,1,tpe,restricted,1,0.2727458180334549,2000.0,,
6766,10101,2,tpe,full,1,0.0,66262.5,,
6766,10101,0,gp,full,1,0.2727458180334549,66262.5,-0.04206137150321142,
6766,10101,2,tpe,restricted,1,0.0,2000.0,,
6766,10101,1,gp,restricted,1,0.18183054535563403,2000.0,,
6766,10101,1,gp,full,1,0.2727458180334549,66262.5,0.06306658784510824,
6766,10101,2,gp,restricted,1,0.09091527267782085,2000.0,,
6766,10101,2,gp,full,1,0.09091527267782085,66262.5,0.11268888276233169,
6766,10101,3,gp,restricted,1,0.2727458180334549,2000.0,,
6766,10101,3,gp,full,1,0.2727458180334549,66262.5,0.08420841227729317,
6766,10101,4,gp,restricted,1,0.18183054535563403,2000.0,,
6766,10101,3,tpe,restricted,1,0.09091527267782085,2000.0,,
6766,10101,4,gp,full,1,0.2727458180334549,66262.5,0.11774268205517102,
6766,10101,3,tpe,full,1,0.2727458180334549,66262.5,,
6766,10101,4,tpe,restricted,1,0.2727458180334549,2000.0,,
6766,10101,4,tpe,full,1,0.3636610907112757,66262.5,,
