method,mean_regret
random,0.245135
random,0.007783
random,0.058365
random,0.011674
random,0.062256
random,0.003200
random,0.023999
random,0.004799
random,0.023999
random,0.011200
random,0.000000
random,0.000000
random,0.000000
random,0.000000
random,0.000000
random,0.100463
random,0.133966
random,0.177032
random,0.172239
random,0.291850
random,0.002720
random,0.002720
random,0.000000
random,0.002720
random,0.002720
random,0.133333
random,0.108333
random,0.150000
random,0.108333
random,0.033333
tpe,0.801556
tpe,0.007783
tpe,0.136186
tpe,0.801556
tpe,0.003891
tpe,0.023999
tpe,0.015999
tpe,0.006399
tpe,0.023999
tpe,0.023999
tpe,0.431193
tpe,0.431193
tpe,0.000000
tpe,0.088685
tpe,0.299694
tpe,0.033480
tpe,0.076545
tpe,0.483260
tpe,0.315791
tpe,0.535888
tpe,0.001360
tpe,0.001360
tpe,0.001360
tpe,0.001360
tpe,0.001360
tpe,0.116667
tpe,0.125000
tpe,0.125000
tpe,0.125000
tpe,0.141667
single_best,0.256809
single_best,0.256809
single_best,0.256809
single_best,0.256809
single_best,0.256809
single_best,0.529599
single_best,0.529599
single_best,0.529599
single_best,0.529599
single_best,0.529599
single_best,0.406729
single_best,0.406729
single_best,0.406729
single_best,0.406729
single_best,0.406729
single_best,0.952165
single_best,0.952165
single_best,0.952165
single_best,0.952165
single_best,0.952165
single_best,0.043536
single_best,0.043536
single_best,0.043536
single_best,0.043536
single_best,0.043536
single_best,0.300000
single_best,0.300000
single_best,0.300000
single_best,0.300000
single_best,0.300000
topB_portfolio,0.256809
topB_portfolio,0.256809
topB_portfolio,0.256809
topB_portfolio,0.256809
topB_portfolio,0.256809
topB_portfolio,0.376000
topB_portfolio,0.376000
topB_portfolio,0.376000
topB_portfolio,0.376000
topB_portfolio,0.376000
topB_portfolio,0.406729
topB_portfolio,0.406729
topB_portfolio,0.406729
topB_portfolio,0.406729
topB_portfolio,0.406729
topB_portfolio,0.861241
topB_portfolio,0.861241
topB_portfolio,0.861241
topB_portfolio,0.861241
topB_portfolio,0.861241
topB_portfolio,0.002720
topB_portfolio,0.002720
topB_portfolio,0.002720
topB_portfolio,0.002720
topB_portfolio,0.002720
topB_portfolio,0.283333
topB_portfolio,0.283333
topB_portfolio,0.283333
topB_portfolio,0.283333
topB_portfolio,0.283333
rf_smbo,0.801556
rf_smbo,0.007783
rf_smbo,0.000000
rf_smbo,0.019454
rf_smbo,0.801556
rf_smbo,0.008000
rf_smbo,0.023999
rf_smbo,0.011200
rf_smbo,0.008000
rf_smbo,0.023999
rf_smbo,0.428136
rf_smbo,0.000000
rf_smbo,0.000000
rf_smbo,0.000000
rf_smbo,0.000000
rf_smbo,0.028687
rf_smbo,0.023918
rf_smbo,0.043042
rf_smbo,0.052628
rf_smbo,0.038273
rf_smbo,0.001360
rf_smbo,0.005443
rf_smbo,0.001360
rf_smbo,0.002720
rf_smbo,0.002720
rf_smbo,0.033333
rf_smbo,0.091667
rf_smbo,0.108333
rf_smbo,0.108333
rf_smbo,0.100000
random_then_rf_5,0.000000
random_then_rf_5,0.003891
random_then_rf_5,0.003891
random_then_rf_5,0.000000
random_then_rf_5,0.019454
random_then_rf_5,0.023999
random_then_rf_5,0.011200
random_then_rf_5,0.022400
random_then_rf_5,0.015999
random_then_rf_5,0.011200
random_then_rf_5,0.431193
random_then_rf_5,0.000000
random_then_rf_5,0.428136
random_then_rf_5,0.000000
random_then_rf_5,0.000000
random_then_rf_5,0.028687
random_then_rf_5,0.038273
random_then_rf_5,0.000000
random_then_rf_5,0.028687
random_then_rf_5,0.076545
random_then_rf_5,0.002720
random_then_rf_5,0.001360
random_then_rf_5,0.001360
random_then_rf_5,0.000000
random_then_rf_5,0.002720
random_then_rf_5,0.133333
random_then_rf_5,0.150000
random_then_rf_5,0.108333
random_then_rf_5,0.058333
random_then_rf_5,0.116667
random_then_rf_10,0.801556
random_then_rf_10,0.007783
random_then_rf_10,0.015565
random_then_rf_10,0.066147
random_then_rf_10,0.000000
random_then_rf_10,0.023999
random_then_rf_10,0.011200
random_then_rf_10,0.008000
random_then_rf_10,0.023999
random_then_rf_10,0.022400
random_then_rf_10,0.000000
random_then_rf_10,0.000000
random_then_rf_10,0.000000
random_then_rf_10,0.000000
random_then_rf_10,0.000000
random_then_rf_10,0.043042
random_then_rf_10,0.066983
random_then_rf_10,0.023918
random_then_rf_10,0.023918
random_then_rf_10,0.081338
random_then_rf_10,0.002720
random_then_rf_10,0.001360
random_then_rf_10,0.001360
random_then_rf_10,0.001360
random_then_rf_10,0.001360
random_then_rf_10,0.050000
random_then_rf_10,0.050000
random_then_rf_10,0.141667
random_then_rf_10,0.091667
random_then_rf_10,0.141667
interleaved_rf,0.027237
interleaved_rf,0.007783
interleaved_rf,0.015565
interleaved_rf,0.159534
interleaved_rf,0.062256
interleaved_rf,0.014399
interleaved_rf,0.023999
interleaved_rf,0.009600
interleaved_rf,0.011200
interleaved_rf,0.023999
interleaved_rf,0.431193
interleaved_rf,0.000000
interleaved_rf,0.000000
interleaved_rf,0.000000
interleaved_rf,0.000000
interleaved_rf,0.043042
interleaved_rf,0.023918
interleaved_rf,0.071753
interleaved_rf,0.081338
interleaved_rf,0.043042
interleaved_rf,0.001360
interleaved_rf,0.002720
interleaved_rf,0.000000
interleaved_rf,0.004083
interleaved_rf,0.001360
interleaved_rf,0.116667
interleaved_rf,0.075000
interleaved_rf,0.150000
interleaved_rf,0.158333
interleaved_rf,0.116667
epsilon_rf_25,0.801556
epsilon_rf_25,0.007783
epsilon_rf_25,0.027237
epsilon_rf_25,0.540855
epsilon_rf_25,0.011674
epsilon_rf_25,0.022400
epsilon_rf_25,0.023999
epsilon_rf_25,0.014399
epsilon_rf_25,0.014399
epsilon_rf_25,0.009600
epsilon_rf_25,0.000000
epsilon_rf_25,0.000000
epsilon_rf_25,0.000000
epsilon_rf_25,0.000000
epsilon_rf_25,0.000000
epsilon_rf_25,0.100463
epsilon_rf_25,0.023918
epsilon_rf_25,0.076545
epsilon_rf_25,0.028687
epsilon_rf_25,0.033480
epsilon_rf_25,0.002720
epsilon_rf_25,0.002720
epsilon_rf_25,0.001360
epsilon_rf_25,0.006803
epsilon_rf_25,0.001360
epsilon_rf_25,0.100000
epsilon_rf_25,0.158333
epsilon_rf_25,0.100000
epsilon_rf_25,0.158333
epsilon_rf_25,0.150000
epsilon_rf_50,0.003891
epsilon_rf_50,0.003891
epsilon_rf_50,0.003891
epsilon_rf_50,0.801556
epsilon_rf_50,0.217899
epsilon_rf_50,0.023999
epsilon_rf_50,0.015999
epsilon_rf_50,0.008000
epsilon_rf_50,0.008000
epsilon_rf_50,0.011200
epsilon_rf_50,0.000000
epsilon_rf_50,0.000000
epsilon_rf_50,0.000000
epsilon_rf_50,0.000000
epsilon_rf_50,0.000000
epsilon_rf_50,0.057398
epsilon_rf_50,0.038273
epsilon_rf_50,0.090901
epsilon_rf_50,0.095693
epsilon_rf_50,0.033480
epsilon_rf_50,0.002720
epsilon_rf_50,0.000000
epsilon_rf_50,0.002720
epsilon_rf_50,0.001360
epsilon_rf_50,0.002720
epsilon_rf_50,0.050000
epsilon_rf_50,0.133333
epsilon_rf_50,0.066667
epsilon_rf_50,0.091667
epsilon_rf_50,0.100000
rf_candidate_2k,0.000000
rf_candidate_2k,0.003891
rf_candidate_2k,0.000000
rf_candidate_2k,0.023345
rf_candidate_2k,0.000000
rf_candidate_2k,0.011200
rf_candidate_2k,0.014399
rf_candidate_2k,0.012800
rf_candidate_2k,0.011200
rf_candidate_2k,0.023999
rf_candidate_2k,0.229358
rf_candidate_2k,0.000000
rf_candidate_2k,0.000000
rf_candidate_2k,0.000000
rf_candidate_2k,0.000000
rf_candidate_2k,0.023918
rf_candidate_2k,0.023918
rf_candidate_2k,0.028687
rf_candidate_2k,0.038273
rf_candidate_2k,0.028687
rf_candidate_2k,0.002720
rf_candidate_2k,0.000000
rf_candidate_2k,0.001360
rf_candidate_2k,0.002720
rf_candidate_2k,0.000000
rf_candidate_2k,0.125000
rf_candidate_2k,0.141667
rf_candidate_2k,0.108333
rf_candidate_2k,0.133333
rf_candidate_2k,0.075000
